CONCEPTICON_ID	GLOSS	SEMANTIC_FIELD	ONTOLOGICAL_CATEGORY	ILI	POS
1	CONTEMPTIBLE	Emotions and values	Property		a
2	DUST	The physical world	Person/Thing	i115039	n
3	BRAVE	Emotions and values	Property	i1475	a
4	COURTYARD	The house	Person/Thing		n
5	GAZELLE	Animals	Person/Thing		n
6	EARTHQUAKE	The physical world	Person/Thing	i75751	n
7	GATHER	Spatial relations	Action/Process	i28612	v
8	CURSE	Religion and belief	Action/Process	i25957	v
9	ANNOUNCE	Speech and language	Action/Process	i26463	v
10	FIREWOOD	The physical world	Person/Thing	i116556	n
11	DARKNESS	The physical world	Person/Thing	i110421	n
12	MIDDAY	Time	Person/Thing	i116909	n
13	DECEIT	Emotions and values	Person/Thing	i39390	n
14	YOKE	Motion	Person/Thing	i61326	n
15	OTTER	Animals	Person/Thing		n
16	SLED	Motion	Person/Thing	i59047	n
17	EYELID	The body	Person/Thing	i64881	n
18	EARLOBE	The body	Person/Thing	i64935	n
19	FISHING LINE	Warfare and hunting	Person/Thing	i53777	n
20	SCYTHE	Agriculture and vegetation	Person/Thing		n
21	TASTE (SOMETHING)	Sense perception	Action/Process	i32725	v
22	INTEND	Cognition	Action/Process		v
23	RYE	Agriculture and vegetation	Person/Thing	i100917	n
24	PRAY	Religion and belief	Action/Process	i25495	v
25	DIRT	Sense perception	Person/Thing		n
26	UNPLEASANT	Emotions and values	Property		a
27	AIR	The physical world	Person/Thing	i115045	n
28	MOISTEN	Basic actions and technology	Action/Process		v
29	GELD	Animals	Action/Process		v
30	DISPEL	Motion	Action/Process		v
31	PAN	Food and drink	Person/Thing	i56934	n
32	EARWAX	The body	Person/Thing	i116528	n
33	NETTLE	Agriculture and vegetation	Person/Thing	i102135	n
34	STAIRS	The house	Person/Thing		n
35	TAMARIND	Agriculture and vegetation	Person/Thing		n
36	PUBIC HAIR	The body	Person/Thing	i64624	n
37	LIBERATE	Social and political relations	Action/Process	i34205	v
38	SPREAD OUT	Basic actions and technology	Action/Process	i29626	v
39	KEEN	Emotions and values	Property		a
40	ENVY	Emotions and values	Person/Thing	i76437	n
41	IGNORE	Cognition	Action/Process		v
42	STINKING	Sense perception	Property		a
43	LEAD (GUIDE)	Motion	Action/Process	i31738	v
44	INJURE	The body	Action/Process	i22125	v
45	EVIL	Emotions and values	Property		a
46	HOLLOW OUT	Basic actions and technology	Action/Process	i28080	v
47	EXCRETA	The body	Person/Thing		n
48	BE SILENT	Speech and language	Action/Process		v
49	REFUSE	Speech and language	Action/Process	i25664	v
50	JACK	Modern world	Person/Thing		n
51	SORE	The body	Person/Thing		n
52	SHIVER	The body	Action/Process	i31150	v
53	SPIRIT	Religion and belief	Person/Thing		n
54	SHRINK	The physical world	Action/Process		v
55	WHISPER	Speech and language	Action/Process	i26191	v
56	BAD LUCK	Emotions and values	Person/Thing	i113074	n
57	ATOP	Spatial relations	Other		n
58	LIQUID	The physical world	Property		a
59	ELECTRICITY	Modern world	Person/Thing	i97765	n
60	OAT	Agriculture and vegetation	Person/Thing	i100785	n
61	INDUCE	Cognition	Action/Process		v
62	BE SITUATED	The physical world	Other		n
63	RUMOUR	Speech and language	Person/Thing		n
64	PIN	Clothing and grooming	Person/Thing	i59656	n
65	AMBUSH	Warfare and hunting	Person/Thing	i41929	n
66	KNEEL	Motion	Action/Process	i29460	v
67	EMBERS	The physical world	Person/Thing	i85361	n
68	TATTOO	Clothing and grooming	Person/Thing	i60026	n
69	SOBER	Food and drink	Property		a
70	BRACKISH	Sense perception	Property		a
71	BY HEART	Cognition	Other		n
72	CLAW	Animals	Person/Thing	i46802	n
73	BEAK	The body	Person/Thing	i44571	n
74	PUPPY	Animals	Person/Thing		n
75	DISGRACE	Social and political relations	Action/Process		v
76	YOUNG MAN	Kinship	Person/Thing	i94222	n
77	YOUNG WOMAN	Kinship	Person/Thing	i90206	n
78	THAT	Miscellaneous function words	Other		n
79	WASTE	Warfare and hunting	Action/Process		v
80	DOORPOST	The house	Person/Thing	i53055	n
81	FATHOM	Spatial relations	Person/Thing	i108500	n
82	ANGER	Emotions and values	Person/Thing	i110692	n
83	FORBID	Speech and language	Action/Process	i25658	v
84	JUST	Time	Other		n
85	GIVE BACK	Possession	Action/Process	i33159	v
86	SIEVE	Food and drink	Action/Process		v
87	SQUINT-EYED	The body	Property		a
88	BEEHIVE	Animals	Person/Thing	i50657	n
89	NATIVE COUNTRY	Social and political relations	Person/Thing	i81771	n
90	INNOCENT	Law	Property	i7194	a
91	INSOLENT	Emotions and values	Property		a
92	SPOIL (SOMEBODY OR SOMETHING)	Social and political relations	Action/Process		v
93	DRAW MILK	Food and drink	Action/Process	i22689	v
94	GRADUALLY	Miscellaneous function words	Property		a
95	SANDFLY	Animals	Person/Thing	i47080	n
96	CRAWL	Motion	Action/Process	i31134	v
97	THROUGH	Miscellaneous function words	Other		n
98	ALL	Quantity	Other	i12561	a
99	HUNCHBACK	The body	Person/Thing		n
100	FAITHFUL	Emotions and values	Property	i5258	a
101	BOAST	Speech and language	Action/Process	i26037	v
102	COMMON COLD (DISEASE)	The body	Person/Thing	i111251	n
103	FORNICATE	The body	Action/Process		v
104	HAILING	The physical world	Action/Process		v
105	MATTRESS	Modern world	Person/Thing	i56081	n
106	SATIATED	Food and drink	Property		a
107	OMEN	Religion and belief	Person/Thing	i74979	n
108	RUDDER	Motion	Person/Thing	i58332	n
109	FOREIGN	Cognition	Property		a
110	MOTOR	Modern world	Person/Thing	i56395	n
111	DRUMMING	Motion	Action/Process		v
112	TURTLE	Animals	Person/Thing	i44036	n
113	SHORE	The physical world	Person/Thing	i86178	n
114	PORPOISE	Animals	Person/Thing		n
115	PROFLIGATE	Possession	Person/Thing		n
116	LARCH	Agriculture and vegetation	Person/Thing	i98433	n
117	IMITATE	Cognition	Action/Process	i30449	v
118	BEWITCH	Religion and belief	Action/Process		v
119	DIVE	Motion	Action/Process	i31543	v
120	PITCHER	Food and drink	Person/Thing		n
121	SPIN	Clothing and grooming	Action/Process	i29321	v
122	CART	Motion	Person/Thing	i60907	n
123	FOREHEAD	The body	Person/Thing	i66351	n
124	THORN	Agriculture and vegetation	Person/Thing		n
125	SWEAT (SUBSTANCE)	The body	Person/Thing		n
126	SWEAT (PERSPIRE)	The body	Action/Process	i22113	v
127	EXTINGUISH	The physical world	Action/Process	i35491	v
128	MUMBLE	Speech and language	Action/Process	i26794	v
129	CHOKE	Basic actions and technology	Action/Process	i22160	v
130	GRATIS (OF CHARGE)	Possession	Other		n
131	FESTIVAL	Social and political relations	Person/Thing		n
132	SAUCE	Food and drink	Person/Thing		n
133	WEAVE	Clothing and grooming	Action/Process	i30113	v
134	FAULT	Emotions and values	Person/Thing	i61602	n
135	BOOMERANG	Basic actions and technology	Person/Thing	i50965	n
136	HERE	Miscellaneous function words	Other	i18823	r
137	COCA	Agriculture and vegetation	Person/Thing		n
138	BATHE	The body	Action/Process	i21944	v
139	GUMS	The body	Person/Thing	i64833	n
140	PADDY FIELD	Agriculture and vegetation	Person/Thing	i82252	n
141	BURN (SOMETHING)	The physical world	Action/Process	i23624	v
142	RETURN HOME	Motion	Action/Process	i31763	v
143	HUMID	The physical world	Property		a
144	MACHINE	Modern world	Person/Thing	i55888	n
145	SORROWFUL	Emotions and values	Property		a
146	SUGAR CANE	Agriculture and vegetation	Person/Thing	i100910	n
147	COCONUT TREE	Agriculture and vegetation	Person/Thing		n
148	ITCH	The body	Person/Thing	i66986	n
149	ITCHY	Sense perception	Property		a
150	WORRY	Emotions and values	Action/Process		v
151	RAZOR	Clothing and grooming	Person/Thing	i57980	n
152	HOOF	The body	Person/Thing		n
153	GREY	Sense perception	Property		a
154	UDDER	The body	Person/Thing	i48034	n
155	CHOP	Basic actions and technology	Action/Process	i27936	v
156	RED	Sense perception	Property		a
157	DYE	Clothing and grooming	Action/Process	i23133	v
158	PUT ON	Clothing and grooming	Action/Process	i22024	v
159	SWEET POTATO	Agriculture and vegetation	Person/Thing	i77525	n
160	SET (HEAVENLY BODIES)	The physical world	Action/Process		v
161	MISS (A TARGET)	Basic actions and technology	Action/Process	i27816	v
162	HICCOUGH	The body	Action/Process	i21787	v
163	BLACK	Sense perception	Property	i2222	a
164	KANGAROO	Animals	Person/Thing	i45174	n
165	WALLABY	Animals	Person/Thing		n
166	MAINLAND	The physical world	Person/Thing	i85741	n
167	MAIL	Modern world	Person/Thing	i69425	n
168	REST	The body	Action/Process	i21838	v
169	IT	Kinship	Other		n
170	FATHER'S SISTER	Kinship	Person/Thing		n
171	MOTHER'S SISTER	Kinship	Person/Thing		n
172	SHOULDERBLADE	The body	Person/Thing	i64706	n
173	SIBLING'S CHILD	Kinship	Person/Thing		n
174	PROUD	Emotions and values	Property	i10365	a
175	BLOW (OF WIND)	Motion	Action/Process	i35526	v
176	BLOW (WITH MOUTH)	Basic actions and technology	Action/Process		v
177	BETEL PEPPER VINE	Agriculture and vegetation	Person/Thing		n
178	RIPE	Agriculture and vegetation	Property	i8189	a
179	RIPEN	Agriculture and vegetation	Action/Process		v
180	CALL BY NAME	Speech and language	Action/Process	i26719	v
181	ANTEATER	Animals	Person/Thing	i48587	n
182	SPOKE	Motion	Person/Thing		n
183	BAKE	Food and drink	Action/Process	i30052	v
184	MAST	Motion	Person/Thing	i56053	n
185	FIREPLACE	The house	Person/Thing	i53746	n
186	SHIN	The body	Person/Thing		n
187	LOIN	The body	Person/Thing		n
188	COMB OF BIRD	Animals	Person/Thing		n
189	HAIR (BODY)	The body	Person/Thing	i64570	n
190	MOW	Agriculture and vegetation	Action/Process	i28283	v
191	NUT	Agriculture and vegetation	Person/Thing	i105680	n
192	CORNER	Spatial relations	Person/Thing	i52372	n
193	SHALLOW	Spatial relations	Property	i3850	a
194	FAMILY	Kinship	Person/Thing	i79199	n
195	MAT	Basic actions and technology	Person/Thing	i56060	n
196	DONATE	Social and political relations	Action/Process		v
197	OTHER	Miscellaneous function words	Other	i11342	a
198	GENITALIA	The body	Person/Thing		n
199	FAMINE	Agriculture and vegetation	Person/Thing	i75133	n
200	SAME	Miscellaneous function words	Other	i11339	a
201	FARM	Agriculture and vegetation	Person/Thing		n
202	STRENGTH	The body	Person/Thing		n
203	MARRY	Kinship	Action/Process	i34166	v
204	AGAIN	Time	Other	i18372	r
205	TROUGH	The house	Person/Thing	i55985	n
206	FIREFLY	Animals	Person/Thing	i46864	n
207	SPARSE	Quantity	Property		a
208	NASAL MUCUS (SNOT)	The body	Person/Thing	i65421	n
209	RARE	Possession	Property		a
210	LIFE	The body	Person/Thing	i110305	n
211	CAST	Basic actions and technology	Action/Process	i30047	v
212	FIELD	Agriculture and vegetation	Person/Thing	i82019	n
213	FIN	Animals	Person/Thing	i48623	n
214	STRETCH	Basic actions and technology	Action/Process	i23323	v
215	LIE DOWN	Spatial relations	Action/Process	i31661	v
216	MOVIE	Modern world	Person/Thing	i71223	n
217	BETELNUT	Agriculture and vegetation	Person/Thing		n
218	FINE (PENALTY)	Law	Person/Thing	i106577	n
219	TOILET	Modern world	Person/Thing	i60333	n
220	INTACT	Basic actions and technology	Property		a
221	FIRE	The physical world	Person/Thing	i107576	n
222	LAVISH	Modern world	Property		a
223	THRESHING-FLOOR	Agriculture and vegetation	Person/Thing	i60215	n
224	MORTAR	Food and drink	Person/Thing	i56376	n
225	PESTLE	Food and drink	Person/Thing	i57174	n
226	TELL FORTUNES	Religion and belief	Action/Process		v
227	FISH	Animals	Person/Thing	i48880	n
228	CARVE	Basic actions and technology	Action/Process	i27924	v
229	MOVE AWAY	Basic actions and technology	Action/Process		v
230	SWEEP	Basic actions and technology	Action/Process	i28687	v
231	SHAVE	Clothing and grooming	Action/Process		v
232	FLEA	Animals	Person/Thing	i46969	n
233	SNOWSHOE	Clothing and grooming	Person/Thing	i59154	n
234	PADDLE	Basic actions and technology	Person/Thing	i56893	n
235	FLYING FOX	Animals	Person/Thing		n
236	STEPMOTHER	Kinship	Person/Thing	i93311	n
237	STEPFATHER	Kinship	Person/Thing	i93310	n
238	PRAWNS	Animals	Person/Thing		n
239	FLOWER	Agriculture and vegetation	Person/Thing	i98673	n
240	ELECTION	Modern world	Person/Thing	i36368	n
241	TREE STUMP	Agriculture and vegetation	Person/Thing	i105584	n
242	COST	Possession	Action/Process		v
243	FRESH	The physical world	Property		a
244	LEFT	Spatial relations	Property	i20799	r
245	BROOM	Basic actions and technology	Person/Thing	i51182	n
246	THRUST	Motion	Action/Process		v
247	TAN	The house	Action/Process	i24274	v
248	HAPPEN	Basic actions and technology	Action/Process		v
249	FOG	The physical world	Person/Thing	i97801	n
250	LIGHT (COLOR)	Sense perception	Property	i1511	a
251	SHARPEN (SOMETHING)	Basic actions and technology	Action/Process		v
252	FRIGHTEN	Sense perception	Action/Process		v
253	CARE FOR	Social and political relations	Action/Process		v
254	STICKING	The physical world	Action/Process		v
255	SERVANT	Social and political relations	Person/Thing	i92890	n
256	FOOD	Food and drink	Person/Thing	i76470	n
257	WORSHIP	Religion and belief	Action/Process	i30629	v
258	CALM	Emotions and values	Property	i1677	a
259	ROUGH (OF SEA)	The physical world	Property		a
260	SAVANNA	The physical world	Person/Thing	i82399	n
261	ARCTIC LIGHTS	The physical world	Person/Thing	i97636	n
262	HE OR SHE OR IT	Kinship	Other		n
263	HERDSMAN	Animals	Person/Thing	i90486	n
264	HE-GOAT	Animals	Person/Thing		n
265	FOWL	Animals	Person/Thing	i44695	n
266	SCALE	Animals	Person/Thing	i45333	n
267	NIT	Animals	Person/Thing	i42983	n
268	DRIBBLE	The body	Action/Process	i22288	v
269	COOKED	Food and drink	Property	i3417	a
270	JUG	Food and drink	Person/Thing	i57362	n
271	SAUCER	Food and drink	Person/Thing	i58474	n
272	TONGS	Food and drink	Person/Thing	i60359	n
273	DOUGH	Food and drink	Person/Thing	i78504	n
274	KNEAD	Food and drink	Action/Process	i27803	v
275	PEEL	Food and drink	Action/Process	i27964	v
276	BANISTERIUM	Food and drink	Person/Thing		n
277	SPINDLE	Clothing and grooming	Person/Thing	i59321	n
278	AWL	Clothing and grooming	Person/Thing	i50299	n
279	THATCH	The house	Person/Thing	i116376	n
280	RIDGEPOLE	The house	Person/Thing	i58162	n
281	POST	The house	Person/Thing	i57505	n
282	POLE	The house	Person/Thing		n
283	PADDY	Agriculture and vegetation	Person/Thing		n
284	HOE	Agriculture and vegetation	Person/Thing	i54839	n
285	THRESH	Agriculture and vegetation	Action/Process	i28809	v
286	NEEDLE TREE	Agriculture and vegetation	Person/Thing	i105794	n
287	CONE	Agriculture and vegetation	Person/Thing	i98733	n
288	FORGE	Basic actions and technology	Action/Process	i30120	v
289	MOLD	Basic actions and technology	Action/Process	i30047	v
290	ADZE	Basic actions and technology	Person/Thing	i49846	n
291	PULL OFF (SKIN)	Basic actions and technology	Action/Process	i28035	v
292	RUG	Basic actions and technology	Person/Thing	i58337	n
293	NETBAG	Basic actions and technology	Person/Thing		n
294	TUMPLINE	Basic actions and technology	Person/Thing		n
295	WHETSTONE	Basic actions and technology	Person/Thing	i61105	n
296	CROUCH	Motion	Action/Process	i29459	v
297	CROOKED	Spatial relations	Property	i12799	a
298	SHRIEK	Speech and language	Action/Process	i26184	v
299	SCOLD	Speech and language	Action/Process	i25781	v
300	RATTLE	Speech and language	Person/Thing	i57974	n
301	CHIEFTAIN	Social and political relations	Person/Thing	i90437	n
302	CLAN	Social and political relations	Person/Thing	i79196	n
303	ABSTAIN FROM FOOD	Religion and belief	Action/Process	i27566	v
304	PREACH	Religion and belief	Action/Process	i25794	v
305	GRANDPARENTS	Kinship	Person/Thing	i90292	n
306	PARENTS-IN-LAW	Kinship	Person/Thing		n
307	HAWK	Animals	Person/Thing	i43741	n
308	TOUCAN	Animals	Person/Thing	i45029	n
309	OPOSSUM	Animals	Person/Thing	i45162	n
310	HEAD LOUSE	Animals	Person/Thing	i46959	n
311	BODY LOUSE	Animals	Person/Thing	i46960	n
312	TAPIR	Animals	Person/Thing	i48191	n
313	AGOUTI	Animals	Person/Thing		n
314	CAPYBARA	Animals	Person/Thing		n
315	CURASSOW	Animals	Person/Thing		n
316	PACA	Animals	Person/Thing		n
317	PIRANHA	Animals	Person/Thing		n
318	FOOTPRINT	The body	Person/Thing	i71400	n
319	LICK	The body	Action/Process	i28888	v
320	LAME	The body	Property		a
321	CHEW	Food and drink	Action/Process	i27629	v
322	FIG	Agriculture and vegetation	Person/Thing	i77801	n
323	FAT (ORGANIC SUBSTANCE)	The body	Person/Thing	i115175	n
324	MANIOC FLOUR	Food and drink	Person/Thing		n
325	FELT	Clothing and grooming	Person/Thing	i53629	n
326	CLOAK	Clothing and grooming	Person/Thing	i52019	n
327	PONCHO	Clothing and grooming	Person/Thing	i57531	n
328	GRASS-SKIRT	Clothing and grooming	Person/Thing	i54406	n
329	STOCKING	Clothing and grooming	Person/Thing	i59606	n
330	HEADBAND	Clothing and grooming	Person/Thing		n
331	HEADDRESS	Clothing and grooming	Person/Thing		n
332	RAG	Clothing and grooming	Person/Thing	i57916	n
333	PLAIT	Clothing and grooming	Person/Thing	i64595	n
334	COOKHOUSE	The house	Person/Thing	i52323	n
335	MEETING HOUSE	The house	Person/Thing	i52314	n
336	PADLOCK	The house	Person/Thing	i56901	n
337	PITCHFORK	Agriculture and vegetation	Person/Thing	i57363	n
338	RAKE	Agriculture and vegetation	Person/Thing	i57939	n
339	DIGGING STICK	Agriculture and vegetation	Person/Thing		n
340	LASSO	Agriculture and vegetation	Person/Thing	i55549	n
341	SICKLE	Agriculture and vegetation	Person/Thing		n
342	HAY	Agriculture and vegetation	Person/Thing	i78109	n
343	VINE	Agriculture and vegetation	Person/Thing	i105560	n
344	TREE TRUNK	Agriculture and vegetation	Person/Thing	i105859	n
345	SAP	Agriculture and vegetation	Person/Thing	i116185	n
346	BANYAN	Agriculture and vegetation	Person/Thing	i102183	n
347	SORGHUM	Agriculture and vegetation	Person/Thing		n
348	FISH POISON	Agriculture and vegetation	Person/Thing		n
349	ACHIOTE	Agriculture and vegetation	Person/Thing		n
350	MANGROVE	Agriculture and vegetation	Person/Thing		n
351	TARO	Agriculture and vegetation	Person/Thing		n
352	UNTIE	Basic actions and technology	Action/Process	i28090	v
353	STRIKE	Basic actions and technology	Action/Process		v
354	POUND	Basic actions and technology	Action/Process	i28800	v
355	CUT DOWN	Basic actions and technology	Action/Process	i28300	v
356	SHEARS	Basic actions and technology	Person/Thing	i58756	n
357	HANG UP	Basic actions and technology	Action/Process	i29124	v
358	TINPLATE	Basic actions and technology	Person/Thing		n
359	POTTER	Basic actions and technology	Person/Thing	i92177	n
360	FAN (ACTION)	Basic actions and technology	Action/Process	i31132	v
361	PEG	Basic actions and technology	Person/Thing	i57093	n
362	STRING	Basic actions and technology	Person/Thing		n
363	DWELL (LIVE, RESIDE)	The house	Action/Process	i34919	v
364	SMEAR	Basic actions and technology	Action/Process		v
365	SPLASH	Motion	Action/Process	i28583	v
366	LIMP	Motion	Action/Process	i31301	v
367	RIDE	Motion	Action/Process	i31515	v
368	SLEDGE	Motion	Person/Thing		n
369	OWE	Possession	Action/Process	i33004	v
370	BARTER	Possession	Action/Process		v
371	PICK UP	Spatial relations	Action/Process	i27658	v
372	POINTED	Spatial relations	Property	i9938	a
373	LONG AGO	Time	Other		n
374	ONE TIME	Time	Other		n
375	SNIFF	Sense perception	Action/Process	i32383	v
376	FRAGRANT	Sense perception	Property	i5754	a
377	LOUD	Sense perception	Property	i18561	r
378	PINCH	Sense perception	Action/Process	i29007	v
379	BLUNT	Sense perception	Property		a
380	WRINKLED	Sense perception	Property	i7414	a
381	BLAME	Emotions and values	Person/Thing	i74706	n
382	GOVERN	Social and political relations	Action/Process		v
383	MASTER	Social and political relations	Person/Thing	i91804	n
384	FREEMAN	Social and political relations	Person/Thing	i90088	n
385	RESPECT (SOMEBODY)	Emotions and values	Action/Process		v
386	BATTLE-AXE	Warfare and hunting	Person/Thing	i50584	n
387	SLING	Warfare and hunting	Person/Thing	i59074	n
388	FISHNET	Warfare and hunting	Person/Thing	i53782	n
389	FISH TRAP	Warfare and hunting	Person/Thing		n
390	PUNISHMENT	Law	Person/Thing	i41479	n
391	BLESS	Religion and belief	Action/Process	i25959	v
392	MAGIC	Religion and belief	Person/Thing	i68190	n
393	CIRCUMCISION	Religion and belief	Person/Thing	i37483	n
394	SHAMAN (FOLK HEALER)	Religion and belief	Person/Thing		n
395	PILL	Modern world	Person/Thing	i57275	n
396	TABLET	Modern world	Person/Thing		n
397	BIRTH CERTIFICATE	Modern world	Person/Thing	i70501	n
398	PIERCE	Basic actions and technology	Action/Process		v
399	PLANTAIN	Agriculture and vegetation	Person/Thing		n
400	MUSH	Food and drink	Person/Thing		n
401	OPPRESS	Social and political relations	Action/Process		v
402	SURPASS	Motion	Action/Process		v
403	GARDEN-HOUSE	The house	Person/Thing		n
404	ALCOHOL (FERMENTED DRINK)	Food and drink	Person/Thing		n
405	OLDER SIBLING	Kinship	Person/Thing		n
406	OLD MAN	Kinship	Person/Thing	i91725	n
407	MANIOC BREAD	Food and drink	Person/Thing		n
408	MEN'S HOUSE	The house	Person/Thing		n
409	FORKED BRANCH	Agriculture and vegetation	Person/Thing		n
410	YAM	Agriculture and vegetation	Person/Thing	i77524	n
411	GOURD	Agriculture and vegetation	Person/Thing	i54374	n
412	CARRY IN HAND	Motion	Action/Process		v
413	CARRY ON SHOULDER	Motion	Action/Process		v
414	CARRY ON HEAD	Motion	Action/Process		v
415	CARRY UNDER ARM	Motion	Action/Process		v
416	OUTRIGGER	Motion	Person/Thing	i56814	n
417	THREE TIMES	Quantity	Other	i19933	r
418	FOR A LONG TIME	Time	Other		n
419	SEVERE	Miscellaneous function words	Property		a
420	FOREST	The physical world	Person/Thing	i81466	n
421	RETREAT	Warfare and hunting	Action/Process	i31712	v
422	NECESSITY	Cognition	Person/Thing		n
423	GET LOST	Basic actions and technology	Action/Process		v
424	MARRIED MAN	Kinship	Person/Thing	i90626	n
425	BE LATE	Time	Property		a
426	MARRIED WOMAN	Kinship	Person/Thing	i94123	n
427	YOUNGER SIBLING	Kinship	Person/Thing		n
428	BE MANY	Quantity	Other		n
429	SWIDDEN FIELD	Agriculture and vegetation	Person/Thing		n
430	TWIST	Motion	Action/Process		v
431	UPPER ARM	The body	Person/Thing		n
432	BLOWGUN	Warfare and hunting	Person/Thing		n
433	HOWLER MONKEY	Animals	Person/Thing		n
434	SPIDER MONKEY	Animals	Person/Thing		n
435	COLLARED PECCARY	Animals	Person/Thing		n
436	WHITE-LIPPED PECCARY	Animals	Person/Thing		n
437	GUAN	Animals	Person/Thing		n
438	CHIGGOE (JIGGER FLEA)	Animals	Person/Thing		n
439	CEBUS MONKEY	Animals	Person/Thing		n
440	CHONTA PALM	Agriculture and vegetation	Person/Thing		n
441	CHICHA	Food and drink	Person/Thing		n
442	FRONT TOOTH (INCISOR)	The body	Person/Thing		n
443	TIP (OF TONGUE)	The body	Person/Thing		n
444	LONG HAIR	The body	Person/Thing		n
445	UPPER BACK	The body	Person/Thing		n
446	LOWER ARM	The body	Person/Thing		n
447	LOWER LEG	The body	Person/Thing		n
448	STORM CLOUDS	The physical world	Person/Thing		n
449	CORN FIELD	Agriculture and vegetation	Person/Thing		n
450	CUSHMA	Clothing and grooming	Person/Thing		n
451	HARMATTAN	Time	Person/Thing		n
452	DRY SEASON	Time	Person/Thing		n
453	RAINY SEASON	Time	Person/Thing		n
454	SHEA NUT TREE	Agriculture and vegetation	Person/Thing		n
455	MAHOGANY TREE	Agriculture and vegetation	Person/Thing		n
456	GUINEA FOWL	Animals	Person/Thing		n
457	BLIND PERSON	Kinship	Person/Thing		n
458	DEAF PERSON	Kinship	Person/Thing		n
459	SNAP (OF STICK)	Basic actions and technology	Action/Process		v
460	BREAK (OF ROPE)	Basic actions and technology	Action/Process		v
461	BOUBOU	Clothing and grooming	Person/Thing		n
462	WRAPPER	Clothing and grooming	Person/Thing		n
463	FELL (A TREE)	Agriculture and vegetation	Action/Process		v
464	ALANG-ALANG GRASS	Agriculture and vegetation	Person/Thing		n
465	CARRY ON BACK	Motion	Action/Process		v
466	CASSOWARY	Animals	Person/Thing		n
467	CRAYFISH	Animals	Person/Thing		n
468	G-STRING	Clothing and grooming	Person/Thing		n
469	PANDANUS	Agriculture and vegetation	Person/Thing		n
470	POSSUM	Animals	Person/Thing		n
471	UPPER LEG (THIGH)	The body	Person/Thing	i66144	n
472	PELICAN	Animals	Person/Thing		n
473	SPEAR (SOMEBODY)	Warfare and hunting	Action/Process		v
474	DRESS	Clothing and grooming	Person/Thing	i53142	n
475	UNTRUTH	Emotions and values	Person/Thing		n
476	CUP	Food and drink	Person/Thing	i52613	n
477	LATE	Time	Other	i18766	r
478	LIP	The body	Person/Thing	i64837	n
479	GROW	Spatial relations	Action/Process	i22877	v
480	PLATE	Food and drink	Person/Thing	i57415	n
481	DISH	Food and drink	Person/Thing	i52963	n
482	NOBLE	Social and political relations	Person/Thing	i91084	n
483	COMPOUND	Social and political relations	Person/Thing		n
484	CONDEMN	Law	Action/Process	i26149	v
485	DISAPPEAR	Motion	Action/Process	i23860	v
486	MINISTER	Modern world	Person/Thing	i91387	n
487	SHY	Emotions and values	Property		a
488	MANNER	Cognition	Person/Thing	i62886	n
489	KIDNEY	The body	Person/Thing	i64981	n
490	DESCENDANTS	Kinship	Person/Thing	i81091	n
491	CENTER	Spatial relations	Person/Thing		n
492	THREE	Quantity	Number		a
493	FIVE	Quantity	Number		a
494	FLIRT	Emotions and values	Action/Process		v
495	REVENGE	Emotions and values	Action/Process		v
496	CUCUMBER	Agriculture and vegetation	Person/Thing		n
497	SCAR	The body	Person/Thing	i112479	n
498	CALF OF LEG	The body	Person/Thing	i66204	n
499	CURE	The body	Action/Process	i22180	v
500	CRUEL	Emotions and values	Property		a
501	LIFT	Motion	Action/Process	i31600	v
502	NAIL (TOOL)	Basic actions and technology	Person/Thing	i56481	n
503	FROG	Animals	Person/Thing	i43933	n
504	LEARN	Cognition	Action/Process	i24750	v
505	PARENTS	Kinship	Person/Thing	i91858	n
506	MAIZE	Agriculture and vegetation	Person/Thing	i100967	n
507	MELON	Agriculture and vegetation	Person/Thing		n
508	PERIOD	Time	Person/Thing		n
509	CERTAIN	Cognition	Property	i1866	a
510	STRONG EFFECT	Sense perception	Property		a
511	BAOZI	Food and drink	Person/Thing		n
512	SEE A DOCTOR	Motion	Action/Process		v
513	THIS YEAR	Time	Other		n
514	LAST YEAR	Time	Other		n
515	NEXT YEAR	Time	Other		n
516	PERSON (CLASSIFIER)	Quantity	Classifier		n
517	FIREDRILL	Motion	Person/Thing		n
518	SPARK	The physical world	Person/Thing		n
519	SPOT	The physical world	Person/Thing		n
520	MANZANITA	Agriculture and vegetation	Person/Thing		n
521	TULE	Agriculture and vegetation	Person/Thing		n
522	WOLF	Animals	Person/Thing	i46549	n
523	BACK OF HEAD	The body	Person/Thing		n
524	BARBEL	Animals	Person/Thing		n
525	BLOOD VESSEL	The body	Person/Thing	i64984	n
526	HOWL	Speech and language	Action/Process	i26808	v
527	DOG-ROSE	Agriculture and vegetation	Person/Thing		n
528	DREADFUL	Emotions and values	Property		a
529	FLANK	Warfare and hunting	Person/Thing		n
530	FRECKLE	The body	Person/Thing		n
531	HOW MUCH	Cognition	Other		n
532	GIPSY	Social and political relations	Person/Thing		n
533	GLUTTON	Food and drink	Person/Thing		n
534	HUMP	The body	Person/Thing		n
535	INFLATED	The physical world	Property		a
536	LOW VOICE	Speech and language	Other		n
537	TURBID	The physical world	Person/Thing		n
538	MULTITUDE	Quantity	Person/Thing		n
539	NEST	Animals	Person/Thing	i85859	n
540	PALATE	The body	Person/Thing		n
541	POETRY	Speech and language	Person/Thing		n
542	SCANTY	Quantity	Property		a
543	SHUTTLE	Clothing and grooming	Person/Thing		n
544	SPICY	Food and drink	Property		a
545	SPRUCE	Agriculture and vegetation	Person/Thing		n
546	SUCKER	Agriculture and vegetation	Person/Thing		n
547	SURFACE	The physical world	Person/Thing		n
548	INFECTED	The body	Property		a
549	COPULATE	The body	Action/Process	i28863	v
550	DILUTE	The physical world	Action/Process		v
551	DISLOCATE	The body	Action/Process		v
552	GROW UP	Cognition	Action/Process		v
553	HEW	The physical world	Action/Process		v
554	HINDER	The physical world	Action/Process		v
555	INFRINGE	Law	Action/Process		v
556	MARRY OFF	Kinship	Action/Process		v
557	OFFEND	Social and political relations	Action/Process		v
558	PASS BY	Motion	Action/Process		v
559	BROTHER (OF MAN)	Kinship	Person/Thing		n
560	BROTHER (OF WOMAN)	Kinship	Person/Thing		n
561	SISTER (OF MAN)	Kinship	Person/Thing		n
562	SISTER (OF WOMAN)	Kinship	Person/Thing		n
563	YOUNG (OF WOMAN)	Time	Property		a
564	YOUNG (OF MAN)	Time	Property		a
565	OLD (OF MAN)	Time	Property		a
566	OLD (OF WOMAN)	Time	Property		a
567	REBEL	Social and political relations	Action/Process		v
568	RISE (MOVE UPWARDS)	The physical world	Action/Process		v
569	SPOIL (BECOME SPOILED)	Food and drink	Action/Process		v
570	STAND UP	Motion	Action/Process		v
571	STING	The body	Action/Process		v
572	STREW	Motion	Action/Process		v
573	SWAY	Motion	Action/Process		v
574	TRANSIT	Motion	Action/Process		v
575	TREAD	Motion	Action/Process		v
576	DANDRUFF	The body	Person/Thing	i85300	n
577	FOREFINGER	The body	Person/Thing		n
578	KISS	Emotions and values	Action/Process	i28884	v
579	BATTLE	Warfare and hunting	Person/Thing	i40416	n
580	FUR	The body	Person/Thing	i54103	n
581	COME BACK	Motion	Action/Process	i26393	v
582	LEND	Possession	Action/Process	i33357	v
583	KIND OR POLITE	Emotions and values	Property		a
584	DIFFICULT	Cognition	Property	i4128	a
585	BOOT	Clothing and grooming	Person/Thing	i50969	n
586	GARDEN	Agriculture and vegetation	Person/Thing	i54179	n
587	ANT	Animals	Person/Thing	i47162	n
588	BROKEN	Basic actions and technology	Property		a
589	CLOSED	Spatial relations	Property		a
590	NAKED	The body	Property		a
591	ADDRESS	Modern world	Person/Thing	i72154	n
592	PISS	The body	Action/Process	i22135	v
593	POTATO	Agriculture and vegetation	Person/Thing	i77515	n
594	PIECE	Quantity	Person/Thing	i85946	n
595	GROUNDNUT (PEANUT)	Agriculture and vegetation	Person/Thing		n
596	POSTAGE STAMP	Modern world	Person/Thing	i72199	n
597	PHYSICIAN	The body	Person/Thing	i89560	n
598	SHELL	Animals	Person/Thing	i45341	n
599	DRIVER'S LICENSE	Modern world	Person/Thing	i70885	n
600	STRANGE	Cognition	Property		a
601	LIE (MISLEAD)	Emotions and values	Action/Process	i25821	v
602	HIDE (CONCEAL)	Spatial relations	Action/Process	i32478	v
603	COAT	Clothing and grooming	Person/Thing	i52086	n
604	GLASS	Basic actions and technology	Person/Thing	i115274	n
605	GRAIN	Agriculture and vegetation	Person/Thing	i100955	n
606	GRASS	Agriculture and vegetation	Person/Thing	i100749	n
607	GRASSHOPPER	Animals	Person/Thing	i47202	n
608	GULF	The physical world	Person/Thing		n
609	HAIL	The physical world	Person/Thing		n
610	PORT	Motion	Person/Thing	i82351	n
611	HARVEST	Agriculture and vegetation	Person/Thing	i105478	n
612	HEAT	The physical world	Person/Thing		n
613	HIGH TIDE	The physical world	Person/Thing	i75602	n
614	HILL	The physical world	Person/Thing		n
615	HORSE	Animals	Person/Thing	i48054	n
616	HOSPITAL	Modern world	Person/Thing	i79536	n
617	ICE	The physical world	Person/Thing	i115475	n
618	PRECIPICE	The physical world	Person/Thing	i86009	n
619	ANIMAL	Animals	Person/Thing	i35563	n
620	INSECT	Animals	Person/Thing	i46823	n
621	IRON	Basic actions and technology	Person/Thing	i113955	n
622	ISLAND	The physical world	Person/Thing	i85597	n
623	LAGOON	The physical world	Person/Thing	i85646	n
624	LAKE	The physical world	Person/Thing	i85647	n
625	LAMP	The house	Person/Thing		n
626	LAND	The physical world	Person/Thing	i85674	n
627	LEAD (CHEMICAL ELEMENT)	Basic actions and technology	Person/Thing	i113959	n
628	LEAF	Agriculture and vegetation	Person/Thing	i105656	n
629	LEATHER	Clothing and grooming	Person/Thing	i114554	n
630	LIGHT (RADIATION)	The physical world	Person/Thing	i63372	n
631	LIVESTOCK	Animals	Person/Thing	i45231	n
632	LIZARD	Animals	Person/Thing	i44099	n
633	MARKET	Possession	Person/Thing	i56021	n
634	MEAT	Food and drink	Person/Thing	i77100	n
635	MILK	Food and drink	Person/Thing	i78383	n
636	MILL	Food and drink	Person/Thing	i56244	n
637	MOSS	Agriculture and vegetation	Person/Thing		n
638	MOTORCYCLE	Modern world	Person/Thing	i56397	n
639	MOUNTAIN	The physical world	Person/Thing		n
640	MUD	The physical world	Person/Thing	i115732	n
641	MUSHROOM	Agriculture and vegetation	Person/Thing	i105062	n
642	MUSIC	Modern world	Person/Thing	i66963	n
643	NEED (NOUN)	Cognition	Person/Thing		n
644	OAK	Agriculture and vegetation	Person/Thing	i101533	n
645	OCEAN	The physical world	Person/Thing	i85897	n
646	ASH	The physical world	Person/Thing	i114622	n
647	PAINT (PIGMENTS)	Basic actions and technology	Person/Thing	i56905	n
648	PAPER	Speech and language	Person/Thing	i115832	n
649	PASTURE	Animals	Person/Thing	i82264	n
650	PETROLEUM	Modern world	Person/Thing	i115868	n
651	SEAL	Animals	Person/Thing		n
652	PLAIN	The physical world	Person/Thing	i85985	n
653	PLANT (VEGETATION)	Agriculture and vegetation	Person/Thing	i35564	n
654	PLASTIC	Modern world	Person/Thing	i113706	n
655	POISON	The body	Person/Thing	i116156	n
656	POLICE	Modern world	Person/Thing	i80241	n
657	PRICE	Possession	Person/Thing	i106591	n
658	RAIN (PRECIPITATION)	The physical world	Person/Thing	i98034	n
659	REED	Agriculture and vegetation	Person/Thing		n
660	REEF	The physical world	Person/Thing	i86050	n
661	RELIGION	Religion and belief	Person/Thing	i79689	n
662	BATTERY	Modern world	Person/Thing	i50578	n
663	BAY	The physical world	Person/Thing	i85052	n
664	RESIN	The physical world	Person/Thing		n
665	BEE	Animals	Person/Thing	i47086	n
666	RIVER	The physical world	Person/Thing		n
667	ROAD	Motion	Person/Thing	i58206	n
668	ROCK	The physical world	Person/Thing		n
669	RODENT	Animals	Person/Thing		n
670	ROOT	Agriculture and vegetation	Person/Thing	i105618	n
671	SAND	The physical world	Person/Thing	i116081	n
672	EARLY	Time	Property	i18767	r
673	SCHOOL	Cognition	Person/Thing	i58518	n
674	MOUTH	The body	Person/Thing	i64824	n
675	FAECES (EXCREMENT)	The body	Person/Thing		n
676	SHIT (DEFECATE)	The body	Action/Process	i22143	v
677	AXE	Basic actions and technology	Person/Thing	i50301	n
678	BEARD	The body	Person/Thing	i64611	n
679	BRIGHT	Sense perception	Property	i1557	a
680	BREAK (DESTROY OR GET DESTROYED)	Basic actions and technology	Action/Process	i23409	v
681	DESTROY	Possession	Action/Process	i29552	v
682	SIDE	Spatial relations	Person/Thing	i82421	n
683	PERSON	Kinship	Person/Thing	i35562	n
684	OWN	Possession	Action/Process	i32775	v
685	DECIDE	Cognition	Action/Process		v
686	EASY	Cognition	Property		a
687	NOTHING	Miscellaneous function words	Other		n
688	LUNG	The body	Person/Thing	i65286	n
689	BETWEEN	Spatial relations	Other		n
690	BOTTOM	The physical world	Person/Thing	i81780	n
691	SEASON	Time	Person/Thing	i117307	n
692	BRING	Motion	Action/Process	i32134	v
693	FROM	Spatial relations	Other		n
694	GET	Possession	Action/Process	i32803	v
695	GO	Motion	Action/Process	i30898	v
696	STIR	Food and drink	Action/Process		v
697	CONTAIN	Possession	Action/Process		v
698	WISE	Cognition	Property	i14261	a
699	SAD	Emotions and values	Property		a
700	CARRY	Motion	Action/Process	i28975	v
701	SLOW	Time	Property	i19235	r
702	CATCH	Motion	Action/Process	i28924	v
703	SOON	Time	Other	i18335	r
704	CLEAN	Sense perception	Property	i2367	a
705	GO UP (ASCEND)	Motion	Action/Process	i31577	v
706	DARK	Sense perception	Property	i2320	a
707	REMEMBER	Cognition	Action/Process	i24799	v
708	SHINE	Sense perception	Action/Process	i35500	v
709	TEACH	Cognition	Action/Process	i25800	v
710	WHEEL	Motion	Person/Thing	i61096	n
711	TALL	Spatial relations	Property	i13205	a
712	RICH	Possession	Property	i11080	a
713	STEAL	Law	Action/Process	i33345	v
714	SEED	Agriculture and vegetation	Person/Thing	i98741	n
715	SHOUT	Speech and language	Action/Process	i26175	v
716	GROAN	Emotions and values	Action/Process	i26799	v
717	SWEET	Sense perception	Property	i13117	a
718	PAY	Possession	Action/Process	i32996	v
719	FIND	Possession	Action/Process	i33162	v
720	GOOD LUCK	Emotions and values	Person/Thing	i113064	n
721	LOW	Spatial relations	Property	i20838	r
722	ATTACK	Warfare and hunting	Person/Thing	i39474	n
723	PLACE (POSITION)	Spatial relations	Person/Thing	i82294	n
724	READ	Speech and language	Action/Process	i24875	v
725	OLD PERSON	Kinship	Person/Thing		n
726	WHILE	Time	Person/Thing		n
727	WHICH	Cognition	Other		n
728	FIRST	Quantity	Other	i5535	a
729	DAWN	Time	Person/Thing	i116932	n
730	SNAKE	Animals	Person/Thing	i44390	n
731	BEVERAGE	Food and drink	Person/Thing	i78658	n
732	YOUR (SINGULAR)	Possession	Other		n
733	EARN	Possession	Action/Process	i33178	v
734	MAKE	Basic actions and technology	Action/Process	i29865	v
735	OWL	Animals	Person/Thing	i43831	n
736	YARD	The house	Person/Thing	i52436	n
737	LIGHT (IGNITE)	The physical world	Action/Process	i35480	v
738	THING	Possession	Person/Thing	i35548	n
739	FEED	Food and drink	Action/Process		v
740	SHIP	Motion	Person/Thing	i58798	n
741	DRIVE	Motion	Action/Process	i31374	v
742	END (OF SPACE)	Spatial relations	Person/Thing	i81999	n
743	END (OF TIME)	Time	Person/Thing	i75008	n
744	EGG	Food and drink	Person/Thing	i78362	n
745	SHELF	The house	Person/Thing	i58775	n
746	SHOP	Possession	Person/Thing		n
747	BICYCLE	Modern world	Person/Thing	i50735	n
748	SOW SEEDS	Agriculture and vegetation	Action/Process	i29226	v
749	ENTER	Motion	Action/Process	i31821	v
750	DROP	Motion	Action/Process		v
751	SHRUB	Agriculture and vegetation	Person/Thing		n
752	STORE	Possession	Person/Thing	i58835	n
753	PUPIL (STUDENT)	Cognition	Person/Thing	i93383	n
754	HURRY	Time	Action/Process	i24017	v
755	DENY	Speech and language	Action/Process	i32809	v
756	DEPEND	Social and political relations	Action/Process		v
757	BUTTON	Clothing and grooming	Person/Thing	i51314	n
758	HERON	Animals	Person/Thing	i45917	n
759	SILVER	Basic actions and technology	Person/Thing	i114005	n
760	KNOT	Basic actions and technology	Person/Thing	i55444	n
761	COVER	Spatial relations	Action/Process	i28352	v
762	OUTSIDE	Spatial relations	Other		n
763	SKIN	The body	Person/Thing	i45286	n
764	SUIT	Clothing and grooming	Action/Process		v
765	MOVE	Motion	Action/Process	i30960	v
766	MENSTRUATION	The body	Person/Thing		n
767	CORPSE	The body	Person/Thing	i64386	n
768	LUNCH	Food and drink	Person/Thing	i76567	n
769	ROOF	The house	Person/Thing	i58260	n
770	EARRING	Clothing and grooming	Person/Thing	i53288	n
771	HAT	Clothing and grooming	Person/Thing		n
772	BELT	Clothing and grooming	Person/Thing	i50691	n
773	HAVE	Possession	Action/Process	i32770	v
774	CABBAGE	Agriculture and vegetation	Person/Thing		n
775	TRUMPET	Speech and language	Person/Thing		n
776	TRUNK OF TREE	Agriculture and vegetation	Person/Thing		n
777	FLUTE	Speech and language	Person/Thing	i53908	n
778	SMOKE (EXHAUST)	The physical world	Person/Thing	i107952	n
779	PART	Quantity	Person/Thing	i57017	n
780	OUR	Miscellaneous function words	Other		n
781	FEAR (FRIGHT)	Emotions and values	Person/Thing	i76269	n
782	DEFEAT	Warfare and hunting	Person/Thing	i76016	n
783	VICTORY	Warfare and hunting	Person/Thing	i76005	n
784	SNOW	The physical world	Person/Thing	i98073	n
785	STRONG	The body	Property	i12857	a
786	SAILCLOTH	Motion	Person/Thing	i58403	n
787	SAIL	Motion	Action/Process	i31452	v
788	SOAP	Clothing and grooming	Person/Thing	i59162	n
789	PEOPLE	Social and political relations	Person/Thing	i80034	n
790	READY	Time	Property	i10587	a
791	STRANGER	Social and political relations	Person/Thing	i93353	n
792	BOIL (OF LIQUID)	Food and drink	Action/Process	i23610	v
793	BOIL (OF SKIN)	The body	Person/Thing	i111429	n
794	PEN	Speech and language	Person/Thing	i57103	n
795	TROUT	Animals	Person/Thing		n
796	NIPPLE	The body	Person/Thing	i66107	n
797	TESTICLES	The body	Person/Thing	i65957	n
798	JAW	The body	Person/Thing	i66064	n
799	WRIST	The body	Person/Thing	i66265	n
800	THIGH	The body	Person/Thing		n
801	RIB	The body	Person/Thing	i64703	n
802	ADAM'S APPLE	The body	Person/Thing		n
803	ANKLE	The body	Person/Thing	i66230	n
804	WOMB	The body	Person/Thing	i65929	n
805	SPINE	The body	Person/Thing	i66280	n
806	BLANKET	The house	Person/Thing	i50831	n
807	SKILLED	Basic actions and technology	Property		a
808	DRIP (FALL IN GLOBULES)	Motion	Action/Process		v
809	TROUSERS	Clothing and grooming	Person/Thing	i60589	n
810	LOCUST	Animals	Person/Thing		n
811	SOUL	Religion and belief	Person/Thing	i93206	n
812	SLAVE	Social and political relations	Person/Thing	i93053	n
813	DO	Basic actions and technology	Action/Process	i21819	v
814	DRESS UP	Clothing and grooming	Action/Process		v
815	GOVERNMENT	Modern world	Person/Thing	i79516	n
816	HALF	Quantity	Person/Thing	i109054	n
817	THEY	Kinship	Other		n
818	WILLOW	Agriculture and vegetation	Person/Thing		n
819	STOMACH	The body	Person/Thing	i65328	n
820	LAMB	Animals	Person/Thing	i48296	n
821	POPLAR	Agriculture and vegetation	Person/Thing		n
822	HOW MANY	Cognition	Other		n
823	SORCERER	Religion and belief	Person/Thing		n
824	WITCH	Religion and belief	Person/Thing		n
825	AWAKE	The body	Property		a
826	BRANCH (BIFURCATION)	The physical world	Person/Thing		n
827	ROLL	Motion	Action/Process	i31036	v
828	RACCOON	Animals	Person/Thing	i48857	n
829	RAFTER	The house	Person/Thing	i57914	n
830	SOOT	The physical world	Person/Thing		n
831	BASE	Spatial relations	Person/Thing		n
832	BEAN	Agriculture and vegetation	Person/Thing	i77610	n
833	ENDURE	Basic actions and technology	Action/Process		v
834	BUTTOCKS	The body	Person/Thing	i66132	n
835	CHAPTER	Speech and language	Person/Thing		n
836	SCREWDRIVER	Modern world	Person/Thing	i58565	n
837	BLUE	Sense perception	Property		a
838	REMAINS	Spatial relations	Person/Thing	i109481	n
839	ERR	Cognition	Action/Process		v
840	CORMORANT	Animals	Person/Thing	i46191	n
841	FISHING SPEAR	Warfare and hunting	Person/Thing		n
842	LIQUOR	Food and drink	Person/Thing		n
843	SPIDER	Animals	Person/Thing	i44602	n
844	KIND (THING)	Cognition	Person/Thing		n
845	MURDER	Law	Person/Thing	i36562	n
846	TIGER	Animals	Person/Thing		n
847	THIRSTY	Food and drink	Property		a
848	THIRST	Food and drink	Person/Thing		n
849	SPRING (OF WATER)	The physical world	Person/Thing		n
850	SQUARE	Spatial relations	Person/Thing	i109861	n
851	STABLE	Animals	Person/Thing	i59455	n
852	PRIEST	Religion and belief	Person/Thing	i92230	n
853	ALTAR	Religion and belief	Person/Thing	i49947	n
854	KETTLE	Food and drink	Person/Thing	i55356	n
855	SEIZE	Possession	Action/Process	i27702	v
856	HIRE	Possession	Action/Process	i33789	v
857	STONE	The physical world	Person/Thing		n
858	STORM	The physical world	Person/Thing	i97824	n
859	STOVE	The house	Person/Thing	i59646	n
860	CAUSE	Cognition	Person/Thing	i75195	n
861	JUDGE	Law	Person/Thing	i90808	n
862	SUGAR	Food and drink	Person/Thing	i78493	n
863	EDGE	Spatial relations	Person/Thing	i53302	n
864	PUMPKIN	Agriculture and vegetation	Person/Thing	i77548	n
865	FAME	Social and political relations	Person/Thing		n
866	WIN	Social and political relations	Action/Process		v
867	GLOVE	Clothing and grooming	Person/Thing	i54319	n
868	BANANA	Agriculture and vegetation	Person/Thing	i77804	n
869	BLADE	Warfare and hunting	Person/Thing		n
870	BREATH	The body	Person/Thing		n
871	RATTLESNAKE	Animals	Person/Thing		n
872	TAR	The physical world	Person/Thing		n
873	TAX	Possession	Person/Thing	i106626	n
874	CANDY	Modern world	Person/Thing	i76717	n
875	SHOEMAKER	Clothing and grooming	Person/Thing	i89051	n
876	ARCH	The house	Person/Thing	i50126	n
877	MASON	The house	Person/Thing	i91241	n
878	HELL	Religion and belief	Person/Thing	i66491	n
879	COUGH	The body	Action/Process	i21795	v
880	REPEAT	Speech and language	Action/Process		v
881	TAILOR	Clothing and grooming	Person/Thing	i93526	n
882	PARROT	Animals	Person/Thing	i44868	n
883	TERMITE	Animals	Person/Thing	i47185	n
884	SHARE	Possession	Action/Process	i33205	v
885	OPPOSITE	Miscellaneous function words	Property		a
886	PARAKEET	Animals	Person/Thing		n
887	BITTER	Sense perception	Property		a
888	POISONOUS	The body	Property		a
889	FLAME	The physical world	Person/Thing	i107576	n
890	MULE	Animals	Person/Thing	i48168	n
891	TIDE	The physical world	Person/Thing	i75606	n
892	TIME	Time	Person/Thing	i35582	n
893	TIN (METAL)	Basic actions and technology	Person/Thing		n
894	TOAD	Animals	Person/Thing		n
895	TORTOISE	Animals	Person/Thing		n
896	ANACONDA (WATER BOA)	Animals	Person/Thing		n
897	SWALLOW	Food and drink	Action/Process	i27632	v
898	TRADE	Possession	Action/Process		v
899	PRESIDENT	Modern world	Person/Thing	i92215	n
900	TRAIN	Modern world	Person/Thing	i60459	n
901	ADOBE	The house	Person/Thing	i49842	n
902	ADULTERY	Law	Person/Thing	i39859	n
903	ASPEN	Agriculture and vegetation	Person/Thing		n
904	BERRY	Agriculture and vegetation	Person/Thing		n
905	BORING	Emotions and values	Property		a
906	TREE	Agriculture and vegetation	Person/Thing	i105570	n
907	OLD WOMAN	Kinship	Person/Thing	i91730	n
908	DRUM	Speech and language	Person/Thing	i53209	n
909	GARBAGE	Modern world	Person/Thing		n
910	DEATH	The body	Person/Thing		n
911	TEMPLE	Religion and belief	Person/Thing	i60098	n
912	COYOTE	Animals	Person/Thing	i46553	n
913	CROW	Animals	Person/Thing	i43582	n
914	SCULPTOR	Basic actions and technology	Person/Thing	i92801	n
915	SINK (BASIN)	Modern world	Person/Thing	i58968	n
916	LINEN	Clothing and grooming	Person/Thing	i55716	n
917	ORNAMENT	Clothing and grooming	Person/Thing	i49843	n
918	INCLINATION	Emotions and values	Person/Thing		n
919	CHILI PEPPER	Agriculture and vegetation	Person/Thing	i77587	n
920	GRAPE	Agriculture and vegetation	Person/Thing	i77835	n
921	VALLEY	The physical world	Person/Thing	i86379	n
922	PEAR	Agriculture and vegetation	Person/Thing		n
923	LOVE	Emotions and values	Action/Process	i30612	v
924	VEGETABLES	Agriculture and vegetation	Person/Thing	i77501	n
925	CASSAVA	Agriculture and vegetation	Person/Thing	i104691	n
926	RICE	Agriculture and vegetation	Person/Thing	i100875	n
927	MANIOC	Agriculture and vegetation	Person/Thing		n
928	EMBRACE	Emotions and values	Action/Process	i28854	v
929	VERMIN	Animals	Person/Thing		n
930	VILLAGE	Social and political relations	Person/Thing	i82515	n
931	MILLET	Agriculture and vegetation	Person/Thing	i100932	n
932	BARLEY	Agriculture and vegetation	Person/Thing	i100860	n
933	WALL (OF HOUSE)	The house	Person/Thing		n
934	BUFFALO	Animals	Person/Thing	i48270	n
935	WAR	Warfare and hunting	Person/Thing		n
936	STALLION	Animals	Person/Thing	i48069	n
937	BIRD	Animals	Person/Thing	i43203	n
938	MARE	Animals	Person/Thing	i48072	n
939	HORN (INSTRUMENT)	Speech and language	Person/Thing		n
940	STRAIN	Food and drink	Action/Process		v
941	MEAD	Food and drink	Person/Thing	i78707	n
942	HONEY	Food and drink	Person/Thing	i78491	n
943	WATERFALL	The physical world	Person/Thing	i86414	n
944	SALMON	Animals	Person/Thing		n
945	SPEAR	Warfare and hunting	Person/Thing	i59278	n
946	BLOOD	The body	Person/Thing	i65349	n
947	STREAM	The physical world	Person/Thing		n
948	WATER	The physical world	Person/Thing	i79021	n
949	WATER LEECH	Animals	Person/Thing		n
950	SEAGULL	Animals	Person/Thing	i46111	n
951	WEAPONS	Warfare and hunting	Person/Thing	i61038	n
952	WEATHER	The physical world	Person/Thing	i98170	n
953	RAPE	Law	Person/Thing	i39472	n
954	WELL	The physical world	Person/Thing		n
955	GREASY	Food and drink	Property		a
956	FLEE	Motion	Action/Process	i32122	v
957	WHALE	Animals	Person/Thing	i46242	n
958	WILD ANIMAL	Animals	Person/Thing		n
959	WAGON	Motion	Person/Thing		n
960	WIND	The physical world	Person/Thing	i98175	n
961	PEBBLES	The physical world	Person/Thing		n
962	WOMAN	Kinship	Person/Thing	i94168	n
963	BOOK	Speech and language	Person/Thing	i70180	n
964	WOOL	Clothing and grooming	Person/Thing	i116579	n
965	WORLD	The physical world	Person/Thing		n
966	BRAKE	Modern world	Action/Process	i31020	v
967	YEAST	Food and drink	Person/Thing		n
968	ACORN	Agriculture and vegetation	Person/Thing	i101529	n
969	CIGARETTE	Modern world	Person/Thing	i51930	n
970	COCONUT	Agriculture and vegetation	Person/Thing	i77927	n
971	MUST	Basic actions and technology	Action/Process		v
972	BE ABLE	Basic actions and technology	Action/Process		v
973	NOODLE	Food and drink	Person/Thing		n
974	TOBACCO	Agriculture and vegetation	Person/Thing	i60313	n
975	SPINACH	Agriculture and vegetation	Person/Thing		n
976	WEAR	Clothing and grooming	Action/Process		v
977	ARROW	Warfare and hunting	Person/Thing	i50174	n
978	WAVE	The physical world	Person/Thing	i75330	n
979	FARMER	Agriculture and vegetation	Person/Thing	i89889	n
980	HEEL	The body	Person/Thing	i66228	n
981	ELBOW	The body	Person/Thing	i66238	n
982	LIME (FRUIT)	Agriculture and vegetation	Person/Thing		n
983	CONVICT	Law	Action/Process	i26147	v
984	WORK (LABOUR)	Basic actions and technology	Person/Thing	i38422	n
985	VINEGAR	Food and drink	Person/Thing		n
986	TOMATO	Agriculture and vegetation	Person/Thing		n
987	REMAIN	Spatial relations	Action/Process	i35303	v
988	ACQUIT	Law	Action/Process	i26137	v
989	CLEAR	Cognition	Property	i2425	a
990	CREEK (TIDAL)	The physical world	Person/Thing		n
991	FRY	Food and drink	Action/Process		v
992	CLIFF	The physical world	Person/Thing		n
993	RIVER BED	The physical world	Person/Thing		n
994	BOW	Warfare and hunting	Person/Thing	i51014	n
995	QUIVER (FOR ARROWS)	Warfare and hunting	Person/Thing		n
996	DEAF	The body	Property	i3799	a
997	BAOBAB TREE	Agriculture and vegetation	Person/Thing		n
998	PUT	Spatial relations	Action/Process	i29197	v
999	JOINT	The body	Person/Thing		n
1000	ANXIETY	Emotions and values	Person/Thing	i76293	n
1001	BLACKSMITH	Basic actions and technology	Person/Thing	i88588	n
1002	STATUE	Basic actions and technology	Person/Thing	i59503	n
1003	PERMIT	Social and political relations	Action/Process	i25686	v
1004	MUSCLE	The body	Person/Thing		n
1005	TWINS	Kinship	Person/Thing	i93814	n
1006	BRICK	The house	Person/Thing	i51122	n
1007	COW	Animals	Person/Thing	i48238	n
1008	BULL	Animals	Person/Thing	i48237	n
1009	CHESTNUT TREE	Agriculture and vegetation	Person/Thing		n
1010	BOUNDARY	Social and political relations	Person/Thing	i110004	n
1011	BRIDGE	Motion	Person/Thing	i51129	n
1012	LATCH	The house	Person/Thing	i50929	n
1013	FRESHWATER EEL	Animals	Person/Thing	i48965	n
1014	OR	Cognition	Other		n
1015	SOIL	The physical world	Action/Process		v
1016	DRIZZLE	The physical world	Person/Thing		n
1017	APPEARANCE	The body	Person/Thing		n
1018	MEMORY	Cognition	Person/Thing		n
1019	RIGHT	Spatial relations	Property	i20800	r
1020	HANDKERCHIEF	Clothing and grooming	Person/Thing		n
1021	TOWEL	Clothing and grooming	Person/Thing	i60410	n
1022	BOOTY	Warfare and hunting	Person/Thing	i106350	n
1023	STUMP OF TREE	Agriculture and vegetation	Person/Thing		n
1024	CHARACTER	Speech and language	Person/Thing		n
1025	WHISTLE	Speech and language	Action/Process	i26788	v
1026	LOW TIDE	The physical world	Person/Thing	i75604	n
1027	BUG	Animals	Person/Thing		n
1028	YAWN	The body	Action/Process	i21803	v
1029	JEWEL	Clothing and grooming	Person/Thing	i55256	n
1030	NECESSARY	Cognition	Other		n
1031	ON PURPOSE	Emotions and values	Other		n
1032	CITIZEN	Social and political relations	Person/Thing	i88995	n
1033	GRIND	Food and drink	Action/Process	i23390	v
1034	DEFENDANT	Law	Person/Thing	i88054	n
1035	GOOD	Emotions and values	Property	i6163	a
1036	OWNER	Possession	Person/Thing		n
1037	ELF	Religion and belief	Person/Thing		n
1038	TEACHER	Cognition	Person/Thing	i93557	n
1039	SHOW	Sense perception	Action/Process	i26230	v
1040	HAIR	The body	Person/Thing	i64568	n
1041	INCREASE	Basic actions and technology	Action/Process		v
1042	CARPENTER	Basic actions and technology	Person/Thing	i88838	n
1043	BRAID	Clothing and grooming	Person/Thing		n
1044	PILLOW	The house	Person/Thing	i57285	n
1045	POET	Speech and language	Person/Thing	i92096	n
1046	SHUT	Spatial relations	Action/Process	i28418	v
1047	PURSUE	Motion	Action/Process	i31743	v
1048	LINE	Spatial relations	Person/Thing	i109781	n
1049	MOLAR TOOTH	The body	Person/Thing	i64850	n
1050	MOTHER-IN-LAW	Kinship	Person/Thing		n
1051	CAN	Modern world	Person/Thing	i51426	n
1052	LIGHT (WEIGHT)	Sense perception	Property	i6491	a
1053	HUNTER	Warfare and hunting	Person/Thing		n
1054	SMALLPOX	The body	Person/Thing		n
1055	FATHER-IN-LAW	Kinship	Person/Thing		n
1056	SON-IN-LAW	Kinship	Person/Thing		n
1057	DAUGHTER-IN-LAW	Kinship	Person/Thing		n
1058	STEPDAUGHTER	Kinship	Person/Thing	i93309	n
1059	STEPSON	Kinship	Person/Thing	i93313	n
1060	CHILD-IN-LAW	Kinship	Person/Thing		n
1061	ARMOUR	Warfare and hunting	Person/Thing	i50158	n
1062	LAW	Law	Person/Thing	i81481	n
1063	NEPHEW	Kinship	Person/Thing	i91586	n
1064	SHIELD	Warfare and hunting	Person/Thing	i58788	n
1065	SPIDER WEB	Animals	Person/Thing	i59309	n
1066	CRIME	Modern world	Person/Thing	i39442	n
1067	JUDGMENT	Law	Person/Thing	i41619	n
1068	COURT	Law	Person/Thing	i55582	n
1069	GLUE	Basic actions and technology	Person/Thing	i114258	n
1070	BUS	Modern world	Person/Thing	i51285	n
1071	HOOK	Warfare and hunting	Person/Thing	i54885	n
1072	PRISONER	Warfare and hunting	Person/Thing	i92258	n
1073	CAPTIVE	Warfare and hunting	Person/Thing		n
1074	FISHHOOK	Warfare and hunting	Person/Thing	i53774	n
1075	TRAP (PITFALL)	Warfare and hunting	Person/Thing	i60491	n
1076	EMERGE (APPEAR)	Basic actions and technology	Action/Process		v
1077	WHEAT	Agriculture and vegetation	Person/Thing	i100958	n
1078	MAIN	Cognition	Other		n
1079	FEEL	Sense perception	Action/Process	i27670	v
1080	VULGAR	Emotions and values	Property		a
1081	BILL	Possession	Person/Thing	i70710	n
1082	MERCHANT	Possession	Person/Thing	i91316	n
1083	MESS	The physical world	Person/Thing		n
1084	CALL	Speech and language	Action/Process	i25642	v
1085	FOLLOW	Motion	Action/Process	i31731	v
1086	WORK (ACTIVITY)	Basic actions and technology	Action/Process		v
1087	CONCEIVE	The body	Action/Process	i22044	v
1088	SINK (DESCEND)	Motion	Action/Process	i31666	v
1089	FRAXINUS	Agriculture and vegetation	Person/Thing		n
1090	BE BORN	The body	Action/Process	i23539	v
1091	SALTY	Sense perception	Property		a
1092	HOPE	Emotions and values	Action/Process		v
1093	MIDDLE	Spatial relations	Person/Thing	i81841	n
1094	FASTEN	Basic actions and technology	Action/Process		v
1095	LET GO OR SET FREE	Possession	Action/Process	i29090	v
1096	SONG	Modern world	Person/Thing	i73707	n
1097	ABANDON	Motion	Action/Process		v
1098	WEIGH	Possession	Action/Process	i35181	v
1099	RESIDE	The house	Action/Process		v
1100	COOK (SOMETHING)	Food and drink	Action/Process	i30054	v
1101	SUFFER	The body	Action/Process		v
1102	CLIMB	Motion	Action/Process	i31325	v
1103	SACRIFICE	Religion and belief	Person/Thing	i36604	n
1104	NURSE	Modern world	Person/Thing	i91672	n
1105	CAMP	The house	Person/Thing	i51414	n
1106	FALL ASLEEP	The body	Action/Process		v
1107	GO OUT	Motion	Action/Process	i31816	v
1108	UNCOVER	Basic actions and technology	Action/Process		v
1109	WOUND	The body	Person/Thing	i111428	n
1110	SHARK	Animals	Person/Thing	i43092	n
1111	CAR	Modern world	Person/Thing	i51496	n
1112	SUCCEED	Cognition	Action/Process		v
1113	WRAP	Motion	Action/Process	i29339	v
1114	BULLET	Warfare and hunting	Person/Thing		n
1115	SPEECH	Speech and language	Person/Thing	i74711	n
1116	DAMAGE	Possession	Action/Process	i23012	v
1117	LIKE	Emotions and values	Action/Process		v
1118	ACCUSTOM	Basic actions and technology	Action/Process		v
1119	DIVIDE	Spatial relations	Action/Process	i34058	v
1120	HONEST	Emotions and values	Property		a
1121	SECRET	Cognition	Property		a
1122	WAGES	Possession	Person/Thing	i75031	n
1123	PREGNANT	The body	Property	i934	a
1124	PIPE	Agriculture and vegetation	Person/Thing	i57331	n
1125	BALD	The body	Property		a
1126	CITRUS FRUIT	Agriculture and vegetation	Person/Thing	i77760	n
1127	SEND	Motion	Action/Process	i26731	v
1128	ORDER	Basic actions and technology	Action/Process		v
1129	PAINFUL	Sense perception	Property		a
1130	WE (EXCLUSIVE)	Kinship	Other		n
1131	WE (INCLUSIVE)	Kinship	Other		n
1132	BEAM	The house	Person/Thing	i50617	n
1133	MATCH	The physical world	Person/Thing	i56064	n
1134	DIVORCE	Kinship	Person/Thing	i41678	n
1135	KICK	Motion	Action/Process	i28561	v
1136	RABBIT	Animals	Person/Thing	i47766	n
1137	TENDON	The body	Person/Thing	i64793	n
1138	FAIRY	Religion and belief	Person/Thing		n
1139	LEOPARD	Animals	Person/Thing		n
1140	FATIGUE	The body	Person/Thing		n
1141	PITY	Emotions and values	Person/Thing	i76458	n
1142	URINE	The body	Person/Thing		n
1143	OVEN	Food and drink	Person/Thing	i56823	n
1144	WITNESS	Law	Person/Thing	i94160	n
1145	SWAMP	The physical world	Person/Thing	i86284	n
1146	AUBERGINE	Agriculture and vegetation	Person/Thing		n
1147	PURE	The physical world	Property		a
1148	BRUISE	The body	Person/Thing	i112044	n
1149	ORPHAN	Kinship	Person/Thing	i91775	n
1150	THUNDER	The physical world	Person/Thing	i75573	n
1151	VEIL	Clothing and grooming	Person/Thing	i54705	n
1152	BEGET	The body	Action/Process	i22046	v
1153	CATTLE	Animals	Person/Thing	i48233	n
1154	OLIVE	Agriculture and vegetation	Person/Thing	i101683	n
1155	CAVE	The physical world	Person/Thing	i85180	n
1156	OPEN	Spatial relations	Action/Process	i28422	v
1157	BECAUSE	Cognition	Other		n
1158	STEP	The house	Person/Thing		n
1159	FART	The body	Action/Process	i22281	v
1160	THIEF	Law	Person/Thing	i93630	n
1161	THREAD	Clothing and grooming	Person/Thing	i60206	n
1162	INTENTION	Cognition	Person/Thing	i36268	n
1163	BRIBE (AMOUNT)	Possession	Person/Thing		n
1164	BRIBE (SOMEBODY)	Social and political relations	Action/Process		v
1165	MOUSTACHE	The body	Person/Thing		n
1166	MOULD	Basic actions and technology	Person/Thing		n
1167	GRUEL	Food and drink	Person/Thing		n
1168	HAWTHORN	Agriculture and vegetation	Person/Thing		n
1169	OX	Animals	Person/Thing	i48234	n
1170	TRAP (CATCH)	Warfare and hunting	Action/Process	i29121	v
1171	MIRROR	Clothing and grooming	Person/Thing	i56291	n
1172	SHOOT	Warfare and hunting	Action/Process	i27293	v
1173	EYEBROW	The body	Person/Thing	i64879	n
1174	YESTERDAY	Time	Other	i21696	r
1175	GHOST	Religion and belief	Person/Thing	i86827	n
1176	SPADE	Agriculture and vegetation	Person/Thing	i59249	n
1177	DIARRHEA	The body	Person/Thing		n
1178	NOSTRIL	The body	Person/Thing	i66341	n
1179	DAY AFTER TOMORROW	Time	Other		n
1180	DAY BEFORE YESTERDAY	Time	Other		n
1181	PALM TREE	Agriculture and vegetation	Person/Thing	i103010	n
1182	NOISE	Sense perception	Person/Thing		n
1183	PALM OF HAND	The body	Person/Thing	i66158	n
1184	DIMINISH	Basic actions and technology	Action/Process		v
1185	VULTURE	Animals	Person/Thing	i43805	n
1186	LAST (ENDURE)	Time	Action/Process	i35182	v
1187	GOOSE	Animals	Person/Thing	i45102	n
1188	CHARCOAL	The physical world	Person/Thing	i114153	n
1189	ULCER	The body	Person/Thing		n
1190	HARE	Animals	Person/Thing	i47778	n
1191	COOKED RICE	Food and drink	Person/Thing		n
1192	THREATEN	Speech and language	Action/Process	i25981	v
1193	STEAM	The physical world	Person/Thing	i116291	n
1194	BEAVER	Animals	Person/Thing	i47986	n
1195	GIVE BIRTH	Kinship	Action/Process		v
1196	PENALTY	Law	Person/Thing		n
1197	BABOON	Animals	Person/Thing		n
1198	MANY	Quantity	Other	i8520	a
1199	WIFE	Kinship	Person/Thing	i94123	n
1200	HUSBAND	Kinship	Person/Thing	i90626	n
1201	FEATHER	The body	Person/Thing	i45288	n
1202	BIG	Spatial relations	Property	i7530	a
1203	LONG	Spatial relations	Property	i7833	a
1204	BARK	Agriculture and vegetation	Person/Thing	i105836	n
1205	TONGUE	The body	Person/Thing	i64817	n
1206	BARKING	Animals	Action/Process		v
1207	YOUNG	Time	Property	i9017	a
1208	CAT	Animals	Person/Thing	i46593	n
1209	I	Kinship	Other		n
1210	HEAVY	Sense perception	Property	i6483	a
1211	HE	Kinship	Other		n
1212	WE	Kinship	Other		n
1213	YOU	Kinship	Other		n
1214	THIS	Miscellaneous function words	Other		n
1215	THOU	Kinship	Other		n
1216	MOTHER	Kinship	Person/Thing	i91462	n
1217	FATHER	Kinship	Person/Thing	i89901	n
1218	ROPE	Basic actions and technology	Person/Thing	i58271	n
1219	WORM	Animals	Person/Thing	i45441	n
1220	TAIL	The body	Person/Thing	i46811	n
1221	NOSE	The body	Person/Thing	i66329	n
1222	PENIS	The body	Person/Thing	i65965	n
1223	HEART	The body	Person/Thing	i65294	n
1224	LIVER	The body	Person/Thing	i65277	n
1225	DAY (NOT NIGHT)	Time	Person/Thing	i116858	n
1226	YEAR	Time	Person/Thing	i117116	n
1227	BOARD	The house	Person/Thing	i116565	n
1228	EARTH (SOIL)	The physical world	Person/Thing	i85675	n
1229	OLD	Time	Property	i8999	a
1230	DIRTY	Sense perception	Property	i2378	a
1231	NEW	Time	Property	i8983	a
1232	WARM	Sense perception	Property	i14028	a
1233	NIGHT	Time	Person/Thing	i116919	n
1234	SMOOTH	Sense perception	Property	i12365	a
1235	WHO	Cognition	Other		n
1236	WHAT	Cognition	Other		n
1237	WHERE	Cognition	Other		n
1238	WHEN	Cognition	Other		n
1239	HOW	Cognition	Other		n
1240	NOT	Miscellaneous function words	Other		n
1241	SOME	Quantity	Other	i12553	a
1242	FEW	Quantity	Other	i8526	a
1243	WIDE	Spatial relations	Property	i14204	a
1244	THICK	Spatial relations	Property	i13343	a
1245	BUTTER	Food and drink	Person/Thing	i78414	n
1246	SMALL	Spatial relations	Property	i7579	a
1247	EAR	The body	Person/Thing	i64921	n
1248	EYE	The body	Person/Thing	i64868	n
1249	SPIKE	Agriculture and vegetation	Person/Thing		n
1250	JAGUAR	Animals	Person/Thing	i46641	n
1251	BELLY	The body	Person/Thing	i66121	n
1252	HOUSE	The house	Person/Thing	i54960	n
1253	RAIN (RAINING)	The physical world	Action/Process		v
1254	HANDLE	Basic actions and technology	Person/Thing		n
1255	SNOWING	The physical world	Action/Process		v
1256	HEAD	The body	Person/Thing	i66025	n
1257	WING	The body	Person/Thing	i46774	n
1258	FINGERNAIL	The body	Person/Thing	i66260	n
1259	WEDDING	Kinship	Person/Thing	i40833	n
1260	DAY (24 HOURS)	Time	Person/Thing	i116740	n
1261	SING	Speech and language	Action/Process	i30388	v
1262	BROTHER	Kinship	Person/Thing	i88708	n
1263	SISTER	Kinship	Person/Thing	i93018	n
1264	CHANGE	Spatial relations	Action/Process	i22389	v
1265	HIGH	Spatial relations	Property		a
1266	BRIDE	Kinship	Person/Thing		n
1267	NARROW	Spatial relations	Property	i14212	a
1268	YES	Cognition	Other		n
1269	NO	Cognition	Other	i18282	r
1270	WHY	Cognition	Other		n
1271	DELIGHT	Emotions and values	Action/Process		v
1272	AUNT	Kinship	Person/Thing	i88357	n
1273	CANDLE	The house	Person/Thing	i51431	n
1274	SALT	Food and drink	Person/Thing	i78175	n
1275	ANSWER	Speech and language	Action/Process	i25740	v
1276	AUTUMN	Time	Person/Thing	i117308	n
1277	HAND	The body	Person/Thing	i66153	n
1278	VOMIT	The body	Action/Process	i22154	v
1279	FAT (OBESE)	Spatial relations	Property		a
1280	FALL	Motion	Action/Process	i31590	v
1281	PRISON	Law	Person/Thing	i57685	n
1282	FAT (FROM ANIMALS)	Food and drink	Person/Thing		n
1283	TODAY	Time	Other	i19571	r
1284	BANK	Modern world	Person/Thing	i81364	n
1285	IMPORTANT	Emotions and values	Property		a
1286	HOT	Sense perception	Property	i6824	a
1287	COLD	Sense perception	Property	i6846	a
1288	CAP	Clothing and grooming	Person/Thing		n
1289	BABY	Kinship	Person/Thing	i88382	n
1290	ELEPHANT	Animals	Person/Thing	i48832	n
1291	BACK	The body	Person/Thing	i66129	n
1292	BAD	Emotions and values	Property	i6173	a
1293	MISTAKE	Emotions and values	Person/Thing	i35783	n
1294	ZERO	Quantity	Number		a
1295	STICK	The physical world	Person/Thing		n
1296	WALKING STICK	Modern world	Person/Thing	i60925	n
1297	LEG	The body	Person/Thing	i66139	n
1298	NEWSPAPER	Modern world	Person/Thing	i69441	n
1299	COFFEE	Food and drink	Person/Thing	i78981	n
1300	COUNTRY	Social and political relations	Person/Thing	i81888	n
1301	FOOT	The body	Person/Thing	i66149	n
1302	FORK	Food and drink	Person/Thing	i53987	n
1303	FINGER	The body	Person/Thing	i66162	n
1304	CHILD (YOUNG HUMAN)	Kinship	Person/Thing	i88964	n
1305	CHIMNEY	The house	Person/Thing	i51847	n
1306	QUEEN	Social and political relations	Person/Thing	i92393	n
1307	LANGUAGE	Speech and language	Person/Thing	i69527	n
1308	DOUBT	Cognition	Person/Thing	i66857	n
1309	ASK (INQUIRE)	Speech and language	Action/Process	i26103	v
1310	CLEVER	Cognition	Property		a
1311	VERY	Miscellaneous function words	Other		n
1312	FOX	Animals	Person/Thing	i46575	n
1313	MOON	The physical world	Person/Thing	i85806	n
1314	QUIET	Sense perception	Property	i10525	a
1315	RADIO	Modern world	Person/Thing	i57905	n
1316	TENT	The house	Person/Thing	i60123	n
1317	RAISE	Motion	Action/Process		v
1318	CHICKEN	Animals	Person/Thing	i44707	n
1319	COWARD	Emotions and values	Person/Thing		n
1320	APPLE	Agriculture and vegetation	Person/Thing		n
1321	BOTTLE	Modern world	Person/Thing	i50995	n
1322	BREAKFAST	Food and drink	Person/Thing	i76564	n
1323	CLOCK	Time	Person/Thing	i52025	n
1324	SLIP	Motion	Action/Process	i31056	v
1325	FRIEND	Social and political relations	Person/Thing	i90098	n
1326	DOWN	Spatial relations	Other	i18734	r
1327	UNCLE	Kinship	Person/Thing	i93825	n
1328	SCISSORS	Basic actions and technology	Person/Thing		n
1329	TOMORROW	Time	Other	i21466	r
1330	DEFEND	Warfare and hunting	Action/Process	i27252	v
1331	SHEEP	Animals	Person/Thing	i48291	n
1332	NEIGHBOUR	Social and political relations	Person/Thing	i91579	n
1333	NECK	The body	Person/Thing	i66067	n
1334	GUTS	The body	Person/Thing		n
1335	WHITE	Sense perception	Property	i2223	a
1336	EAT	Food and drink	Action/Process	i27459	v
1337	PIG	Animals	Person/Thing	i48199	n
1338	PEACE	Warfare and hunting	Person/Thing	i110351	n
1339	MORNING	Time	Person/Thing	i116908	n
1340	WITH	Miscellaneous function words	Other		n
1341	HEAT UP	The physical world	Action/Process		v
1342	SUMMER	Time	Person/Thing	i117310	n
1343	SUN	The physical world	Person/Thing	i86272	n
1344	RAM	Animals	Person/Thing	i48293	n
1345	EWE	Animals	Person/Thing	i48292	n
1346	THROAT	The body	Person/Thing	i66072	n
1347	NAPE (OF NECK)	The body	Person/Thing	i66071	n
1348	BOAR (MALE PIG)	Animals	Person/Thing	i48206	n
1349	CHURCH	Religion and belief	Person/Thing	i51914	n
1350	MONKEY	Animals	Person/Thing	i48720	n
1351	SOW (FEMALE PIG)	Animals	Person/Thing	i48204	n
1352	KNIFE	Food and drink	Person/Thing	i55422	n
1353	HOUR	Time	Person/Thing	i117257	n
1354	NEXT	Miscellaneous function words	Other		n
1355	LAUGH	Emotions and values	Action/Process	i21925	v
1356	NUMBER	Modern world	Person/Thing	i108079	n
1357	DAUGHTER	Kinship	Person/Thing	i89398	n
1358	ENEMY	Social and political relations	Person/Thing	i90012	n
1359	SEPARATE	Spatial relations	Action/Process	i29513	v
1360	DUCK	Animals	Person/Thing	i45045	n
1361	TOOL	Basic actions and technology	Person/Thing	i36325	n
1362	STREET	Modern world	Person/Thing	i59671	n
1363	VOICE	Speech and language	Person/Thing	i74026	n
1364	HEALTHY	The body	Property	i6398	a
1365	KITCHEN	The house	Person/Thing		n
1366	BOY	Kinship	Person/Thing	i91171	n
1367	CROSS	Spatial relations	Person/Thing	i61655	n
1368	BREAD	Food and drink	Person/Thing	i77313	n
1369	GOLD	Basic actions and technology	Person/Thing	i113938	n
1370	MONTH	Time	Person/Thing	i117150	n
1371	KNEE	The body	Person/Thing	i66201	n
1372	MEDICINE	The body	Person/Thing	i56119	n
1373	TEA	Modern world	Person/Thing	i79004	n
1374	RING	Clothing and grooming	Person/Thing	i58184	n
1375	WINDOW	The house	Person/Thing	i61169	n
1376	NOW	Time	Other	i18426	r
1377	VISIT	Social and political relations	Action/Process		v
1378	SPOON	Food and drink	Person/Thing	i59365	n
1379	TELEPHONE	Modern world	Person/Thing	i60065	n
1380	TOOTH	The body	Person/Thing	i64724	n
1381	SHOE	Clothing and grooming	Person/Thing	i58817	n
1382	NEEDLE (FOR SEWING)	Clothing and grooming	Person/Thing	i56548	n
1383	GRANDFATHER	Kinship	Person/Thing	i90287	n
1384	SECOND	Quantity	Other		n
1385	PEPPER	Food and drink	Person/Thing	i78192	n
1386	LION	Animals	Person/Thing	i46642	n
1387	ARRIVE	Motion	Action/Process	i31766	v
1388	SHADE	The physical world	Person/Thing	i110428	n
1389	TOE	The body	Person/Thing	i66223	n
1390	WRONG	Emotions and values	Property		a
1391	TOWN	Social and political relations	Person/Thing	i82504	n
1392	LOUSE	Animals	Person/Thing		n
1393	HORN (ANATOMY)	The body	Person/Thing	i42319	n
1394	BONE	The body	Person/Thing	i64659	n
1395	ROUND	Spatial relations	Property	i11179	a
1396	SHARP	Sense perception	Property	i4410	a
1397	DULL	Sense perception	Property		a
1398	DRY	Sense perception	Property	i14155	a
1399	CLAY	Basic actions and technology	Person/Thing	i114890	n
1400	THIN (SLIM)	Spatial relations	Property		a
1401	DRINK	Food and drink	Action/Process	i27466	v
1402	BREAST	The body	Person/Thing	i66106	n
1403	BITE	The body	Action/Process	i28957	v
1404	STRAIGHT	Spatial relations	Property	i12795	a
1405	NAME	Speech and language	Person/Thing	i69761	n
1406	FAR	Spatial relations	Property	i18771	r
1407	BREATHE	The body	Action/Process	i21778	v
1408	HEAR	Sense perception	Action/Process	i32603	v
1409	SEE	Sense perception	Action/Process	i32402	v
1410	KNOW (SOMETHING)	Cognition	Action/Process	i24736	v
1411	LIE (REST)	Spatial relations	Action/Process		v
1412	RUDE	Emotions and values	Property		a
1413	PLAY	Emotions and values	Action/Process	i33829	v
1414	SQUEEZE	Basic actions and technology	Action/Process	i28966	v
1415	THINK (REFLECT)	Cognition	Action/Process	i24893	v
1416	SIT	Spatial relations	Action/Process	i31660	v
1417	KILL	The body	Action/Process	i28310	v
1418	DIG	Agriculture and vegetation	Action/Process	i28232	v
1419	FEAR (BE AFRAID)	Emotions and values	Action/Process		v
1420	COUNT	Quantity	Action/Process	i26340	v
1421	SUCK	Food and drink	Action/Process	i27465	v
1422	BE ALIVE	The body	Action/Process		v
1423	FIGHT	Warfare and hunting	Action/Process	i27047	v
1424	YELLOW	Sense perception	Property		a
1425	GREEN	Sense perception	Property		a
1426	EXPENSIVE	Possession	Property	i5114	a
1427	BEAUTIFUL	Emotions and values	Property	i1196	a
1428	BURNING	The physical world	Action/Process	i23619	v
1429	FULL	Quantity	Property	i5947	a
1430	STAR	The physical world	Person/Thing	i86240	n
1431	FREEZE	The physical world	Action/Process	i23605	v
1432	CUT	Basic actions and technology	Action/Process	i29494	v
1433	HIT	Basic actions and technology	Action/Process		v
1434	STAB	Basic actions and technology	Action/Process	i27781	v
1435	HUNT	Warfare and hunting	Action/Process	i27338	v
1436	SCRATCH	The body	Action/Process	i32356	v
1437	SPLIT	Basic actions and technology	Action/Process	i29512	v
1438	FOOL	Social and political relations	Person/Thing		n
1439	SWIM	Motion	Action/Process	i31534	v
1440	SPIT	The body	Action/Process	i22283	v
1441	FLY (MOVE THROUGH AIR)	Motion	Action/Process	i31423	v
1442	STAND	Spatial relations	Action/Process	i29462	v
1443	WALK	Motion	Action/Process	i31244	v
1444	TURN AROUND	Motion	Action/Process	i31102	v
1445	TURN (SOMETHING)	Motion	Action/Process	i32202	v
1446	COME	Motion	Action/Process	i31766	v
1447	GIVE	Possession	Action/Process	i32755	v
1448	HOLD	Possession	Action/Process	i27706	v
1449	RUB	Basic actions and technology	Action/Process	i27888	v
1450	ROOM	The house	Person/Thing	i58265	n
1451	SMILE	Emotions and values	Action/Process	i21904	v
1452	PUSH	Motion	Action/Process	i31065	v
1453	WASH	Basic actions and technology	Action/Process	i29407	v
1454	WIPE	Basic actions and technology	Action/Process	i28679	v
1455	PULL	Basic actions and technology	Action/Process	i28967	v
1456	THROW	Motion	Action/Process	i29284	v
1457	SEW	Clothing and grooming	Action/Process	i28331	v
1458	SAY	Speech and language	Action/Process	i26659	v
1459	IF	Cognition	Other		n
1460	IN	Spatial relations	Other		n
1461	AT	Spatial relations	Other		n
1462	POT	Food and drink	Person/Thing	i57594	n
1463	DRUNK	The body	Property	i4390	a
1464	LADDER	The house	Person/Thing	i55474	n
1465	BOX	Modern world	Person/Thing		n
1466	EXACT	Emotions and values	Property		a
1467	CIRCLE	Spatial relations	Person/Thing	i109836	n
1468	LOOK FOR	Possession	Action/Process	i28263	v
1469	WEEK	Time	Person/Thing	i116937	n
1470	FOLD	Basic actions and technology	Action/Process	i28055	v
1471	WINTER	Time	Person/Thing	i117312	n
1472	KEY	The house	Person/Thing	i55358	n
1473	FIST	The body	Person/Thing		n
1474	SEA	The physical world	Person/Thing	i86143	n
1475	COMB	Clothing and grooming	Person/Thing	i52194	n
1476	CHAIR	The house	Person/Thing	i51746	n
1477	KEEP	Possession	Action/Process	i32766	v
1478	WITHOUT	Miscellaneous function words	Other		n
1479	DOLPHIN	Animals	Person/Thing	i46274	n
1480	BODY	The body	Person/Thing	i64381	n
1481	HAMMER	Basic actions and technology	Person/Thing	i54582	n
1482	SHOULDER	The body	Person/Thing	i66079	n
1483	NINE	Quantity	Number		a
1484	OIL (ORGANIC SUBSTANCE)	Food and drink	Person/Thing	i115790	n
1485	BELOW OR UNDER	Spatial relations	Other		n
1486	PLANT (SOMETHING)	Agriculture and vegetation	Action/Process	i29566	v
1487	POUR	Basic actions and technology	Action/Process	i32094	v
1488	FAUCET	Modern world	Person/Thing	i53616	n
1489	CLOUD	The physical world	Person/Thing	i85226	n
1490	RAT	Animals	Person/Thing		n
1491	MOUSE	Animals	Person/Thing		n
1492	DUMB	The body	Property		a
1493	ONE	Quantity	Number		a
1494	DIE	The body	Action/Process	i23529	v
1495	HAPPY	Emotions and values	Property	i6282	a
1496	GRANDMOTHER	Kinship	Person/Thing	i90289	n
1497	POSTCARD	Modern world	Person/Thing	i71313	n
1498	TWO	Quantity	Number		a
1499	JUICE	Food and drink	Person/Thing		n
1500	FOUR	Quantity	Number		a
1501	BORE	Basic actions and technology	Action/Process	i28941	v
1502	GOAT	Animals	Person/Thing	i48325	n
1503	SALIVA	The body	Person/Thing		n
1504	FLY (INSECT)	Animals	Person/Thing	i46989	n
1505	SPERM	The body	Person/Thing		n
1506	MEASURE	Spatial relations	Action/Process	i24969	v
1507	FRUIT	Agriculture and vegetation	Person/Thing	i105676	n
1508	KING	Social and political relations	Person/Thing	i90847	n
1509	MOSQUITO	Animals	Person/Thing	i47049	n
1510	CHIN	The body	Person/Thing	i66337	n
1511	ROOSTER	Animals	Person/Thing	i44710	n
1512	RISE (ONESELF)	Motion	Action/Process		v
1513	THINK (BELIEVE)	Cognition	Action/Process	i24904	v
1514	HEN	Animals	Person/Thing	i44714	n
1515	TEN	Quantity	Number		a
1516	SUBJUGATE	Social and political relations	Action/Process		v
1517	WASP	Animals	Person/Thing	i47117	n
1518	STUPID	Cognition	Property	i2478	a
1519	RUN	Motion	Action/Process	i31347	v
1520	CRUSH	Food and drink	Action/Process		v
1521	SEEM	Cognition	Action/Process	i32420	v
1522	SOCK	Clothing and grooming	Person/Thing		n
1523	FORGET	Cognition	Action/Process	i24805	v
1524	WINE	Food and drink	Person/Thing	i78715	n
1525	COAST	The physical world	Person/Thing		n
1526	MEAL	Food and drink	Person/Thing		n
1527	TICK	Animals	Person/Thing	i44624	n
1528	FORGIVE	Emotions and values	Action/Process	i26134	v
1529	LAST (FINAL)	Quantity	Other	i5545	a
1530	BOWL	Food and drink	Person/Thing	i51022	n
1531	BRANCH	Agriculture and vegetation	Person/Thing	i105840	n
1532	SHEAR	Animals	Action/Process		v
1533	BE HUNGRY	Food and drink	Action/Process		v
1534	FEVER	The body	Person/Thing	i112490	n
1535	SWORD	Warfare and hunting	Person/Thing	i59896	n
1536	UNDERSTAND	Cognition	Action/Process	i24710	v
1537	SPRINGTIME	Time	Person/Thing	i117309	n
1538	SCORPION	Animals	Person/Thing	i44592	n
1539	BASKET	Basic actions and technology	Person/Thing	i50522	n
1540	EYELASH	The body	Person/Thing	i64888	n
1541	CULTIVATE	Agriculture and vegetation	Action/Process	i30442	v
1542	ACCOMPANY	Motion	Action/Process		v
1543	SNAIL	Animals	Person/Thing	i45553	n
1544	SOMETIMES	Time	Other	i18266	r
1545	HOST	Social and political relations	Person/Thing	i90580	n
1546	TWICE	Quantity	Other	i18532	r
1547	SOUP	Food and drink	Person/Thing	i76617	n
1548	UGLY	Emotions and values	Property	i1212	a
1549	TRIBE	Social and political relations	Person/Thing		n
1550	PREVENT	Social and political relations	Action/Process	i33977	v
1551	FEMALE	Animals	Property		a
1552	GLOOMY	Emotions and values	Property		a
1553	MALE	Kinship	Property		a
1554	MAN	Kinship	Person/Thing	i91182	n
1555	CHAMELEON	Animals	Person/Thing	i44208	n
1556	YOLK	Food and drink	Person/Thing	i78364	n
1557	BEGINNING	Time	Person/Thing	i75005	n
1558	SIMILAR	Sense perception	Property	i11351	a
1559	MONEY	Possession	Person/Thing	i107057	n
1560	FACE	The body	Person/Thing	i66344	n
1561	ARMY	Warfare and hunting	Person/Thing	i80193	n
1562	MIND	Cognition	Person/Thing	i66397	n
1563	PYTHON	Animals	Person/Thing		n
1564	LAZY	The body	Property		a
1565	HEAVEN	Religion and belief	Person/Thing	i66481	n
1566	GUN	Warfare and hunting	Person/Thing	i54499	n
1567	DOOR	The house	Person/Thing	i54238	n
1568	ARRANGE	Basic actions and technology	Action/Process		v
1569	CHEESE	Food and drink	Person/Thing	i78427	n
1570	EQUAL	Miscellaneous function words	Property		a
1571	SELL	Possession	Action/Process	i32953	v
1572	SURPRISED	Emotions and values	Property		a
1573	SWELL	Basic actions and technology	Action/Process		v
1574	FLOAT	Motion	Action/Process	i31241	v
1575	COCKROACH	Animals	Person/Thing	i47241	n
1576	PILE UP	Spatial relations	Action/Process	i29247	v
1577	AND	Cognition	Other		n
1578	IGUANA	Animals	Person/Thing		n
1579	BE	Miscellaneous function words	Action/Process	i34943	v
1580	ONLY	Quantity	Other	i18198	r
1581	ALLIGATOR	Animals	Person/Thing		n
1582	TIN (CAN)	Modern world	Person/Thing		n
1583	BRAIN	The body	Person/Thing	i65750	n
1584	BLISTER	The body	Person/Thing	i65923	n
1585	SLEEP	The body	Action/Process	i21840	v
1586	SMELL (PERCEIVE)	Sense perception	Action/Process	i32382	v
1587	SMELL (STINK)	Sense perception	Action/Process	i32376	v
1588	TURN	Motion	Action/Process		v
1589	HUMMINGBIRD	Animals	Person/Thing		n
1590	WAIT (FOR)	Motion	Action/Process		v
1591	UP	Spatial relations	Other	i18740	r
1592	CHEST	The body	Person/Thing	i66097	n
1593	DEEP	Spatial relations	Property	i3844	a
1594	FLOUR	Food and drink	Person/Thing	i76531	n
1595	SOUTH	Spatial relations	Person/Thing	i109606	n
1596	LOCK	The house	Person/Thing	i55775	n
1597	AIRPLANE	Modern world	Person/Thing	i49901	n
1598	NORTH	Spatial relations	Person/Thing	i109589	n
1599	WORD	Speech and language	Person/Thing	i69544	n
1600	SKIRT	Clothing and grooming	Person/Thing	i59017	n
1601	WEAK	The body	Property	i12875	a
1602	WAKE UP	The body	Action/Process	i21859	v
1603	MOSQUE	Religion and belief	Person/Thing	i56384	n
1604	TEMPLES	The body	Person/Thing	i66352	n
1605	SKULL	The body	Person/Thing	i66034	n
1606	INSIDE	Spatial relations	Other		n
1607	HATE	Emotions and values	Action/Process	i30608	v
1608	LISTEN	Sense perception	Action/Process	i32604	v
1609	IDEA	Cognition	Person/Thing	i67535	n
1610	PROSTITUTE	Social and political relations	Person/Thing	i92307	n
1611	INVITE	Social and political relations	Action/Process	i33677	v
1612	LETTER	Modern world	Person/Thing	i71287	n
1613	COLOR	Sense perception	Person/Thing	i63025	n
1614	SUMMIT	The physical world	Person/Thing		n
1615	ESCAPE	Basic actions and technology	Action/Process		v
1616	CLOTH	Clothing and grooming	Person/Thing	i53547	n
1617	GRANDCHILD	Kinship	Person/Thing	i90280	n
1618	GRANDSON	Kinship	Person/Thing	i90293	n
1619	GRANDDAUGHTER	Kinship	Person/Thing	i90281	n
1620	SON	Kinship	Person/Thing	i93143	n
1621	SNEEZE	The body	Action/Process	i21792	v
1622	SHIRT	Clothing and grooming	Person/Thing	i58807	n
1623	SPEAK	Speech and language	Action/Process	i26413	v
1624	EMPTY	Quantity	Property	i5968	a
1625	DEAD	The body	Property	i500	a
1626	EXPLAIN	Cognition	Action/Process	i26303	v
1627	CHAIN	Basic actions and technology	Person/Thing	i51733	n
1628	SQUIRREL	Animals	Person/Thing	i47942	n
1629	EVENING	Time	Person/Thing	i116916	n
1630	MACAW	Animals	Person/Thing		n
1631	FAST	Time	Property	i18665	r
1632	FLOOR	The house	Person/Thing	i53865	n
1633	FLAT	Spatial relations	Property		a
1634	HUNDRED	Quantity	Number		a
1635	OBEY	Social and political relations	Action/Process	i34413	v
1636	MOTIONLESS	Motion	Property		a
1637	AUTHORITY	Social and political relations	Person/Thing		n
1638	TRUTH	Emotions and values	Person/Thing		n
1639	BEER	Food and drink	Person/Thing	i78683	n
1640	SIBLING	Kinship	Person/Thing	i92980	n
1641	SILK	Clothing and grooming	Person/Thing	i58941	n
1642	NIECE	Kinship	Person/Thing	i91615	n
1643	COUSIN	Kinship	Person/Thing	i89276	n
1644	RELATIVES	Kinship	Person/Thing	i90856	n
1645	SHORT	Spatial relations	Property	i7847	a
1646	GIRL	Kinship	Person/Thing	i89923	n
1647	FOAL	Animals	Person/Thing	i48066	n
1648	ANVIL	Basic actions and technology	Person/Thing	i50085	n
1649	SIT DOWN	Motion	Action/Process		v
1650	WATCH	Basic actions and technology	Action/Process		v
1651	TEAR (OF EYE)	Emotions and values	Person/Thing	i65376	n
1652	INSTEAD	Spatial relations	Other		n
1653	BLIND	The body	Property	i11863	a
1654	LIGHTNING	The physical world	Person/Thing	i97896	n
1655	BLINK	The body	Action/Process	i21805	v
1656	NEVER	Time	Other	i18262	r
1657	TRUE	Emotions and values	Property	i13638	a
1658	PUPIL	The body	Person/Thing		n
1659	DOLL	Modern world	Person/Thing		n
1660	LOSE	Possession	Action/Process		v
1661	STRAIT	The physical world	Person/Thing		n
1662	CAPE	The physical world	Person/Thing	i85153	n
1663	BED	The house	Person/Thing	i50635	n
1664	RAFT	Motion	Person/Thing	i57913	n
1665	BEAT	Basic actions and technology	Action/Process	i28717	v
1666	MUTE	The body	Property		a
1667	HOLE	Spatial relations	Person/Thing	i85530	n
1668	GRIEF	Emotions and values	Person/Thing	i67534	n
1669	ANCESTORS	Kinship	Person/Thing	i88207	n
1670	RAPIDS	The physical world	Person/Thing		n
1671	TOWER	Warfare and hunting	Person/Thing	i60415	n
1672	WRITE	Speech and language	Action/Process	i26548	v
1673	ARM	The body	Person/Thing	i66150	n
1674	POOR	Possession	Property	i11083	a
1675	PROMISE	Speech and language	Action/Process	i26040	v
1676	ALWAYS	Time	Other	i18253	r
1677	WORKSHOP	Modern world	Person/Thing	i61263	n
1678	HUT	The house	Person/Thing	i54970	n
1679	LOAD	Basic actions and technology	Person/Thing		n
1680	HELMET	Warfare and hunting	Person/Thing	i54768	n
1681	WAIST	The body	Person/Thing	i66113	n
1682	GUILTY	Law	Property	i7198	a
1683	BUSH	Agriculture and vegetation	Person/Thing		n
1684	BUD	Agriculture and vegetation	Person/Thing		n
1685	AFTER	Spatial relations	Other		n
1686	BEHIND	Spatial relations	Other		n
1687	PRAISE	Emotions and values	Person/Thing	i71660	n
1688	FATE	Religion and belief	Person/Thing		n
1689	SMOKE (INHALE)	Basic actions and technology	Action/Process	i27612	v
1690	FENCE	Agriculture and vegetation	Person/Thing	i53632	n
1691	FLEXIBLE	The physical world	Property		a
1692	FRIDAY	Time	Person/Thing	i116904	n
1693	THURSDAY	Time	Person/Thing	i116903	n
1694	WEDNESDAY	Time	Person/Thing	i116902	n
1695	TUESDAY	Time	Person/Thing	i116901	n
1696	SURRENDER	Warfare and hunting	Action/Process	i27176	v
1697	MONDAY	Time	Person/Thing	i116900	n
1698	CURVED	The physical world	Property		a
1699	SUNDAY	Time	Person/Thing	i116899	n
1700	SATURDAY	Time	Person/Thing	i116905	n
1701	RIVER MOUTH	The physical world	Person/Thing		n
1702	HOLY	Religion and belief	Property	i11268	a
1703	SIX	Quantity	Number		a
1704	SEVEN	Quantity	Number		a
1705	EIGHT	Quantity	Number		a
1706	ELEVEN	Quantity	Number		a
1707	TWELVE	Quantity	Number		a
1708	THIRTEEN	Quantity	Number		a
1709	FIFTEEN	Quantity	Number		a
1710	TWENTY	Quantity	Number		a
1711	TELL	Speech and language	Action/Process	i26365	v
1712	OATH	Law	Person/Thing	i74639	n
1713	EIGHTEEN	Quantity	Number		a
1714	NINETEEN	Quantity	Number		a
1715	THIRTY	Quantity	Number		a
1716	FORTY	Quantity	Number		a
1717	FIFTY	Quantity	Number		a
1718	SIXTY	Quantity	Number		a
1719	BURY	Basic actions and technology	Action/Process	i34003	v
1720	SIGN	Speech and language	Person/Thing		n
1721	SEVENTY	Quantity	Number		a
1722	EIGHTY	Quantity	Number		a
1723	RESULT IN	Cognition	Action/Process		v
1724	NINETY	Quantity	Number		a
1725	CORRECT (RIGHT)	Emotions and values	Property	i19546	r
1726	WET	Sense perception	Property	i14134	a
1727	THRESHOLD	The house	Person/Thing		n
1728	ROTTEN	Agriculture and vegetation	Property		a
1729	PLAIT OR BRAID OR WEAVE	Basic actions and technology	Action/Process		v
1730	CHEEK	The body	Person/Thing	i66353	n
1731	MORTAR BINDER	The house	Person/Thing	i115729	n
1732	SKY	The physical world	Person/Thing	i86198	n
1733	RAINBOW	The physical world	Person/Thing	i86037	n
1734	TWENTY ONE	Quantity	Number		a
1735	TEAR (SHRED)	Basic actions and technology	Action/Process	i29596	v
1736	TWENTY FOUR	Quantity	Number		a
1737	OKRA	Agriculture and vegetation	Person/Thing		n
1738	TWENTY FIVE	Quantity	Number		a
1739	DECORATE	Clothing and grooming	Action/Process		v
1740	PINE	Agriculture and vegetation	Person/Thing	i98384	n
1741	ABOVE	Spatial relations	Other		n
1742	TRAVERSE	Motion	Action/Process		v
1743	JOIN	Spatial relations	Action/Process	i28152	v
1744	SPLEEN	The body	Person/Thing	i64983	n
1745	HIP	The body	Person/Thing	i66118	n
1746	BLADDER	The body	Person/Thing		n
1747	CUSTOM	Social and political relations	Person/Thing	i37573	n
1748	RIDGE	The physical world	Person/Thing		n
1749	TAKE	Possession	Action/Process	i27693	v
1750	CHOOSE	Emotions and values	Action/Process	i25092	v
1751	BIRTHMARK	The body	Person/Thing		n
1752	LEAVE	Motion	Action/Process	i31816	v
1753	TOP	Spatial relations	Person/Thing	i82274	n
1754	BRACELET	Clothing and grooming	Person/Thing	i51061	n
1755	UNDRESS	Clothing and grooming	Action/Process		v
1756	WIDOW	Kinship	Person/Thing	i94121	n
1757	TIRED	The body	Property	i13463	a
1758	OLDER SISTER	Kinship	Person/Thing	i88564	n
1759	OLDER BROTHER	Kinship	Person/Thing	i88560	n
1760	YOUNGER BROTHER	Kinship	Person/Thing	i91053	n
1761	YOUNGER SISTER	Kinship	Person/Thing	i91057	n
1762	STONE (OF FRUIT)	Agriculture and vegetation	Person/Thing		n
1763	CLUB	Warfare and hunting	Person/Thing	i52064	n
1764	OBSCURE	Cognition	Property		a
1765	IN VAIN	Miscellaneous function words	Other		n
1766	FINISH	Time	Action/Process	i24131	v
1767	SCRAPE	Basic actions and technology	Action/Process	i28226	v
1768	FOAM	The physical world	Person/Thing	i85410	n
1769	AXLE	Motion	Person/Thing	i50305	n
1770	CARCASS	The body	Person/Thing	i44574	n
1771	TASTELESS	Food and drink	Property		a
1772	ELK	Animals	Person/Thing	i48424	n
1773	GRAVE	The body	Person/Thing	i54410	n
1774	STINGY	Possession	Property	i6107	a
1775	TABLE	The house	Person/Thing	i59922	n
1776	SHAME	Emotions and values	Person/Thing	i76196	n
1777	RESEMBLE	Spatial relations	Action/Process		v
1778	APPROACH	Motion	Action/Process	i32016	v
1779	DARE	Emotions and values	Action/Process	i34423	v
1780	BILE	The body	Person/Thing		n
1781	THUMB	The body	Person/Thing	i66165	n
1782	GUEST	Social and political relations	Person/Thing	i90350	n
1783	PAIN	Emotions and values	Person/Thing	i66993	n
1784	WANT	Emotions and values	Action/Process	i30852	v
1785	HAVE SEX	The body	Action/Process		v
1786	DRY UP	Basic actions and technology	Action/Process		v
1787	LOOM	Clothing and grooming	Person/Thing	i55817	n
1788	TELEVISION	Modern world	Person/Thing	i60090	n
1789	AGE	Time	Person/Thing	i62859	n
1790	LICENSE PLATE	Modern world	Person/Thing	i55653	n
1791	BUTTERFLY	Animals	Person/Thing	i47485	n
1792	PERJURY	Law	Person/Thing	i39467	n
1793	BAT	Animals	Person/Thing	i46702	n
1794	FURROW	Agriculture and vegetation	Person/Thing	i54115	n
1795	BANANA TREE	Agriculture and vegetation	Person/Thing		n
1796	SLAUGHTER	Basic actions and technology	Action/Process		v
1797	HEDGEHOG	Animals	Person/Thing		n
1798	GUNPOWDER	Warfare and hunting	Person/Thing		n
1799	HYENA	Animals	Person/Thing		n
1800	DANDELION	Agriculture and vegetation	Person/Thing		n
1801	CHILD (DESCENDANT)	Kinship	Person/Thing	i88965	n
1802	SCREW	Modern world	Person/Thing	i58562	n
1803	WOOD	The physical world	Person/Thing	i116549	n
1804	BOMB	Modern world	Person/Thing	i50934	n
1805	INJECTION	Modern world	Person/Thing	i39101	n
1806	BEGIN	Time	Action/Process	i23481	v
1807	AFTERNOON	Time	Person/Thing	i116914	n
1808	PUS	The body	Person/Thing	i65430	n
1809	PIMPLE	The body	Person/Thing		n
1810	DANGER	Emotions and values	Person/Thing	i113417	n
1811	SOUND OR NOISE	Sense perception	Person/Thing	i75520	n
1812	TRY	Cognition	Action/Process	i34354	v
1813	TASTY	Food and drink	Property		a
1814	ACCUSE	Law	Action/Process	i25857	v
1815	ACHE	The body	Action/Process		v
1816	BESIDE	Spatial relations	Other		n
1817	WEST	Spatial relations	Person/Thing	i109614	n
1818	ADJUDICATE	Law	Action/Process	i25202	v
1819	LOOK	Sense perception	Action/Process	i32408	v
1820	BEAR	Animals	Person/Thing	i46658	n
1821	BRUSH	Clothing and grooming	Person/Thing	i51192	n
1822	ADORNMENT	Clothing and grooming	Person/Thing		n
1823	BORROW	Possession	Action/Process	i33356	v
1824	DEXTEROUS	Basic actions and technology	Property		a
1825	COPPER	Basic actions and technology	Person/Thing	i113924	n
1826	ANGRY	Emotions and values	Property		a
1827	HARVEST CROPS	Agriculture and vegetation	Action/Process		v
1828	ASK (REQUEST)	Speech and language	Action/Process	i25462	v
1829	JUMP	Motion	Action/Process	i31550	v
1830	CRANE	Animals	Person/Thing		n
1831	MEET	Social and political relations	Action/Process	i31854	v
1832	SIBLING-IN-LAW	Kinship	Person/Thing		n
1833	DINNER (SUPPER)	Food and drink	Person/Thing	i76572	n
1834	SHE	Kinship	Other		n
1835	MARROW	The body	Person/Thing		n
1836	VAGINA	The body	Person/Thing	i65939	n
1837	VULVA	The body	Person/Thing	i65941	n
1838	NAVEL	The body	Person/Thing	i66120	n
1839	CRY	Emotions and values	Action/Process	i22107	v
1840	BUILD	Basic actions and technology	Action/Process	i30008	v
1841	SUSPECT	Cognition	Action/Process	i26216	v
1842	OBSTINATE	Cognition	Property		a
1843	THOUSAND	Quantity	Number		a
1844	BOAT	Motion	Person/Thing	i50885	n
1845	BALL	Spatial relations	Person/Thing	i109982	n
1846	RULE	Social and political relations	Action/Process	i34616	v
1847	SICK	The body	Property	i14100	a
1848	QUARREL	Social and political relations	Person/Thing	i74407	n
1849	ROW	Motion	Action/Process	i31459	v
1850	COTTON	Clothing and grooming	Person/Thing	i52406	n
1851	POCKET	Clothing and grooming	Person/Thing	i57481	n
1852	OFTEN	Time	Other	i18345	r
1853	DOVE	Animals	Person/Thing	i44839	n
1854	SPARROW	Animals	Person/Thing		n
1855	BIRCH	Agriculture and vegetation	Person/Thing	i101588	n
1856	SOFT	Sense perception	Property	i6306	a
1857	CROCODILE	Animals	Person/Thing	i44234	n
1858	FISHERMAN	Warfare and hunting	Person/Thing	i89974	n
1859	THIRD	Quantity	Other		n
1860	BEAD	Clothing and grooming	Person/Thing	i50610	n
1861	ACTIVE	The physical world	Property		a
1862	DONKEY	Animals	Person/Thing	i48163	n
1863	AMAZING	Emotions and values	Property		a
1864	HUNGER	Food and drink	Person/Thing		n
1865	BUZZARD	Animals	Person/Thing		n
1866	STUTTER	Speech and language	Action/Process	i26494	v
1867	COIN	Possession	Person/Thing	i107076	n
1868	VISIBLE	Sense perception	Property		a
1869	BUY	Possession	Action/Process	i32788	v
1870	ANCHOR	Motion	Person/Thing	i50003	n
1871	CAMEL	Animals	Person/Thing	i48451	n
1872	DUIKER	Animals	Person/Thing		n
1873	ANTHILL	Animals	Person/Thing		n
1874	SAUSAGE	Food and drink	Person/Thing	i77287	n
1875	REGRET	Emotions and values	Action/Process	i30713	v
1876	REINDEER	Animals	Person/Thing	i48431	n
1877	EAST	Spatial relations	Person/Thing	i109598	n
1878	COCK	Warfare and hunting	Person/Thing		n
1879	DANCE	Motion	Action/Process	i30290	v
1880	PASSIONATE	Emotions and values	Property		a
1881	ENOUGH	Quantity	Other	i19117	r
1882	BEFORE	Time	Other		n
1883	IN FRONT OF	Spatial relations	Other		n
1884	HARD	Sense perception	Property	i6293	a
1885	ARMADILLO	Animals	Person/Thing		n
1886	ARMPIT	The body	Person/Thing	i66082	n
1887	CHEAP	Possession	Property	i5119	a
1888	PAIR	Quantity	Person/Thing	i79244	n
1889	ARSON	Law	Person/Thing	i37396	n
1890	BELIEVE	Cognition	Action/Process	i25132	v
1891	PUMA	Animals	Person/Thing		n
1892	TOUCH	Sense perception	Action/Process	i27654	v
1893	QUAIL	Animals	Person/Thing	i44805	n
1894	ASHAMED	Emotions and values	Property		a
1895	CLOTHES	Clothing and grooming	Person/Thing	i50098	n
1896	FINGERNAIL OR TOENAIL	The body	Person/Thing		n
1897	HELP	Social and political relations	Action/Process	i34433	v
1898	SPECTACLES	Modern world	Person/Thing	i59285	n
1899	MAD	Cognition	Property		a
1900	ASTONISHED	Emotions and values	Property		a
1901	SHOVEL	Agriculture and vegetation	Person/Thing	i58868	n
1902	BETRAY	Cognition	Action/Process	i30728	v
1903	SWELLING	The body	Person/Thing	i112174	n
1904	DROWN	The body	Action/Process	i23536	v
1905	EAGLE	Animals	Person/Thing	i43785	n
1906	SOUR	Sense perception	Property	i13120	a
1907	MOLE	Animals	Person/Thing		n
1908	ATTENTIVE	Cognition	Property		a
1909	SHAKE	Motion	Action/Process	i24542	v
1910	STINGRAY	Animals	Person/Thing	i43178	n
1911	DRAW (WATER)	Basic actions and technology	Action/Process	i30973	v
1912	RESPECT (NOUN)	Emotions and values	Person/Thing		n
1913	PRESS	Basic actions and technology	Action/Process	i28964	v
1914	DEBT	Possession	Person/Thing	i107139	n
1915	FIR	Agriculture and vegetation	Person/Thing	i98443	n
1916	GILL	Animals	Person/Thing	i48872	n
1917	TIE	Basic actions and technology	Action/Process	i28095	v
1918	MANE	The body	Person/Thing		n
1919	TORCH	The house	Person/Thing		n
1920	DREAM (SOMETHING)	The body	Action/Process	i32348	v
1921	PLOUGH	Agriculture and vegetation	Action/Process	i30444	v
1922	LAND (DESCEND)	Motion	Action/Process	i31641	v
1923	ROUGH	Sense perception	Property	i12374	a
1924	VEIN	The body	Person/Thing		n
1925	ARTERY	The body	Person/Thing		n
1926	OINTMENT	Clothing and grooming	Person/Thing	i56724	n
1927	BAMBOO	Agriculture and vegetation	Person/Thing	i100987	n
1928	CEASE	Time	Action/Process	i34724	v
1929	STUDY	Cognition	Action/Process	i24796	v
1930	RAVINE	The physical world	Person/Thing		n
1931	BEESWAX	Animals	Person/Thing	i116526	n
1932	GUESS	Cognition	Action/Process	i25082	v
1933	LOOSEN	Basic actions and technology	Action/Process		v
1934	BEGGAR	Possession	Person/Thing	i88515	n
1935	ANUS	The body	Person/Thing		n
1936	DEER	Animals	Person/Thing	i48406	n
1937	THERE	Miscellaneous function words	Other	i18828	r
1938	FORTRESS	Warfare and hunting	Person/Thing	i53997	n
1939	SWEAR	Law	Action/Process	i26069	v
1940	GUARD	Warfare and hunting	Person/Thing	i90345	n
1941	SOLDIER	Warfare and hunting	Person/Thing	i93136	n
1942	NEAR	Spatial relations	Property	i20949	r
1943	CROWN (OF HEAD)	The body	Person/Thing		n
1944	GOD	Religion and belief	Person/Thing		n
1945	IDOL	Religion and belief	Person/Thing	i55047	n
1946	INITIATION CEREMONY	Religion and belief	Person/Thing		n
1947	BASTARD	Kinship	Person/Thing		n
1948	SAW	Basic actions and technology	Person/Thing	i58480	n
1949	BEDBUG	Animals	Person/Thing		n
1950	BEECH	Agriculture and vegetation	Person/Thing	i101494	n
1951	PASS	Time	Action/Process		v
1952	TORTURE	Warfare and hunting	Action/Process		v
1953	ABUSE	Law	Person/Thing		n
1954	GENTLE	Emotions and values	Property		a
1955	GRIEVE	Emotions and values	Action/Process		v
1956	SUNFLOWER	Agriculture and vegetation	Person/Thing		n
1957	GOITER	The body	Person/Thing	i111516	n
1958	UNRIPE	Agriculture and vegetation	Property	i8193	a
1959	RAW	Food and drink	Property	i3448	a
1960	CORNFLOWER	Agriculture and vegetation	Person/Thing		n
1961	NECKLACE	Clothing and grooming	Person/Thing	i56542	n
1962	ROAST (SOMETHING)	Food and drink	Action/Process		v
1963	IMMEDIATELY	Time	Other	i18424	r
1964	ALONE	Quantity	Property	i19209	r
1965	LOINCLOTH	Clothing and grooming	Person/Thing		n
1966	BUNCH	Food and drink	Person/Thing	i79149	n
1967	CALENDAR	Modern world	Person/Thing	i80577	n
1968	SOYA SAUCE	Food and drink	Person/Thing		n
1969	MANTOU	Food and drink	Person/Thing		n
1970	CANOE	Motion	Person/Thing	i51453	n
1971	FAN (OBJECT)	Basic actions and technology	Person/Thing	i53588	n
1972	YOUNG GOAT (KID)	Animals	Person/Thing	i48326	n
1973	DEMON	Religion and belief	Person/Thing	i86808	n
1974	CENTIPEDE	Animals	Person/Thing	i44678	n
1975	CHECK	Cognition	Action/Process		v
1976	MERRY	Emotions and values	Property		a
1977	DEW	The physical world	Person/Thing	i115002	n
1978	RECOVER	The body	Action/Process		v
1979	CHISEL	Basic actions and technology	Person/Thing	i51869	n
1980	WANTON	Food and drink	Person/Thing		n
1981	WIDOWER	Kinship	Person/Thing	i94122	n
1982	WHIRLPOOL	The physical world	Person/Thing	i75774	n
1983	SNORE	The body	Action/Process	i21852	v
1984	MOTHER'S BROTHER	Kinship	Person/Thing		n
1985	PATERNAL UNCLE (FATHER'S BROTHER)	Kinship	Person/Thing		n
1986	DISEASE	The body	Person/Thing	i110874	n
1987	CHOPSTICKS	Food and drink	Person/Thing		n
1988	RIBES	Agriculture and vegetation	Person/Thing		n
1989	CALF	Animals	Person/Thing	i45234	n
1990	BECOME	Miscellaneous function words	Action/Process	i22460	v
1991	INTESTINES	The body	Person/Thing	i66003	n
1992	MORE	Quantity	Other	i8540	a
1993	SELF	Kinship	Other		n
1994	COLLARBONE	The body	Person/Thing	i64676	n
1995	DEFECT	Modern world	Person/Thing		n
1996	GET TIRED	The body	Action/Process		v
1997	PRESERVE	Possession	Action/Process	i33135	v
1998	COMMAND	Social and political relations	Action/Process	i25432	v
1999	OVERCOME	Motion	Action/Process		v
2000	CLOVE	Agriculture and vegetation	Person/Thing		n
2001	PAINTING	Basic actions and technology	Action/Process	i28514	v
2002	DITCH	Agriculture and vegetation	Person/Thing	i53002	n
2003	FLOW	Motion	Action/Process	i32080	v
2004	BEND	Basic actions and technology	Action/Process	i28064	v
2005	MASK	Clothing and grooming	Person/Thing		n
2006	FILL	Quantity	Action/Process		v
2007	BOLT (OF LIGHTNING)	The physical world	Person/Thing	i98135	n
2008	RESCUE	Possession	Action/Process	i34450	v
2009	DOG	Animals	Person/Thing	i46360	n
2010	INVESTIGATE	Cognition	Action/Process		v
2011	COFFIN	The body	Person/Thing		n
2012	COLLAR	Clothing and grooming	Person/Thing	i52158	n
2013	BAIT	Warfare and hunting	Person/Thing	i50373	n
2014	GO DOWN (DESCEND)	Motion	Action/Process	i31585	v
2015	MAKE DRY	Basic actions and technology	Action/Process		v
2016	JEALOUSY	Emotions and values	Person/Thing		n
2017	MIX	Food and drink	Action/Process	i22629	v
2018	GREEDY	Emotions and values	Property		a
2019	HAMMOCK	The house	Person/Thing	i54588	n
2020	PLAINTIFF	Law	Person/Thing	i92055	n
2021	GRASP	Possession	Action/Process		v
2022	ADMIT	Speech and language	Action/Process	i25747	v
2023	CROWD	Quantity	Person/Thing	i80141	n
2024	PLOT	Social and political relations	Person/Thing	i67885	n
2025	PEA	Agriculture and vegetation	Person/Thing		n
2026	RICE PLANT	Agriculture and vegetation	Person/Thing		n
2027	SOYA	Agriculture and vegetation	Person/Thing		n
2028	SOYA BEAN	Agriculture and vegetation	Person/Thing		n
2029	TUG	Basic actions and technology	Action/Process		v
2030	DRAG	Basic actions and technology	Action/Process		v
2031	PUT OUT TO PASTURE	Agriculture and vegetation	Action/Process		v
2032	WARM UP	Basic actions and technology	Action/Process		v
2033	DELIVER	Basic actions and technology	Action/Process		v
2034	FROST	Sense perception	Person/Thing		n
2035	POND	The physical world	Person/Thing		n
2036	JANUARY	Time	Person/Thing		n
2037	FEBRUARY	Time	Person/Thing		n
2038	DRAGON	Animals	Person/Thing		n
2039	MAGPIE	Animals	Person/Thing		n
2040	BUCKWHEAT	Agriculture and vegetation	Person/Thing		n
2041	HEMP	Agriculture and vegetation	Person/Thing		n
2042	WALNUT	Agriculture and vegetation	Person/Thing		n
2043	PEACH	Agriculture and vegetation	Person/Thing		n
2044	PERSIMMON	Agriculture and vegetation	Person/Thing		n
2045	COLUMN	The house	Person/Thing		n
2046	APRON	Clothing and grooming	Person/Thing		n
2047	STRAW SANDAL	Clothing and grooming	Person/Thing		n
2048	QUILT	Clothing and grooming	Action/Process		v
2049	CONGEE	Food and drink	Person/Thing		n
2050	ALCOHOL (DRINK)	Food and drink	Person/Thing		n
2051	DUSTPAN	Basic actions and technology	Person/Thing		n
2052	BUCKET	Basic actions and technology	Person/Thing		n
2053	SMALL BOWL	Food and drink	Person/Thing		n
2054	CHOPSTICK	Food and drink	Person/Thing		n
2055	CLAY POT	Food and drink	Person/Thing		n
2056	WOK	Food and drink	Person/Thing		n
2057	DUNG (ANIMAL FAECES)	Animals	Person/Thing		n
2058	STOOL	The house	Person/Thing		n
2059	FOLK SONG	Speech and language	Person/Thing		n
2060	STORY	Speech and language	Person/Thing		n
2061	BUDDHA	Religion and belief	Person/Thing		n
2062	INTEREST	Possession	Person/Thing		n
2063	CLOSE (EYES)	Basic actions and technology	Action/Process		v
2064	SCATTER (SEEDS)	Basic actions and technology	Action/Process		v
2065	STEP (VERB)	Basic actions and technology	Action/Process		v
2066	PULL UP (RICE SEEDLINGS)	Basic actions and technology	Action/Process		v
2067	STEAM (VERB)	Food and drink	Action/Process		v
2068	BRAISE (VERB)	Food and drink	Action/Process		v
2069	SOAK (VERB)	Food and drink	Action/Process		v
2070	COMB (VERB)	Clothing and grooming	Action/Process		v
2071	LAY (VERB)	Basic actions and technology	Action/Process		v
2072	USE (VERB)	Basic actions and technology	Action/Process		v
2073	ROB (VERB)	Basic actions and technology	Action/Process		v
2074	CROW (VERB)	Basic actions and technology	Action/Process		v
2075	BROOD (VERB)	Animals	Action/Process		v
2076	SPROUT (VERB)	Basic actions and technology	Action/Process		v
2077	DILIGENT	Emotions and values	Property		a
2078	TEN THOUSAND	Quantity	Number		a
2079	CUNNING PERSON	Emotions and values	Person/Thing		n
2080	BOWL (CLASSIFIER)	Quantity	Classifier		n
2081	CHICKEN (CLASSIFIER)	Quantity	Classifier		n
2082	KNIFE (CLASSIFIER)	Quantity	Classifier		n
2083	AXE (CLASSIFIER)	Quantity	Classifier		n
2084	ROPE (CLASSIFIER)	Quantity	Classifier		n
2085	STICK (CLASSIFIER)	Quantity	Classifier		n
2086	GRAIN (CLASSIFIER)	Quantity	Classifier		n
2087	DROP (CLASSIFIER)	Quantity	Classifier		n
2088	CLOTHING (CLASSIFIER)	Quantity	Classifier		n
2089	PAIR (CLASSIFIER)	Quantity	Classifier		n
2090	MY	Possession	Other		n
2091	YOUR	Possession	Other		n
2092	HIS OR HER	Possession	Other		n
2093	AFTERWARDS	Time	Other		n
2094	DOWN OR BELOW	Spatial relations	Other		n
2095	FAT (FOR NOURISHMENT)	Food and drink	Person/Thing		n
2096	ANIMAL OR MEAT	Food and drink	Person/Thing		n
2097	NOW OR TODAY	Time	Other		n
2098	FOOT OR LEG	The body	Person/Thing		n
2099	CHILD	Kinship	Person/Thing		n
2100	THATCH OR ROOF	The house	Person/Thing		n
2101	BE DEAD OR DIE	Time	Action/Process		v
2102	BURN	Basic actions and technology	Action/Process		v
2103	PAINFUL OR SICK	Emotions and values	Property		a
2104	HOLD OR TAKE	Basic actions and technology	Action/Process		v
2105	FEMALE PERSON	Kinship	Person/Thing		n
2106	MALE PERSON	Kinship	Person/Thing		n
2107	HAIR OR FOREHEAD	The body	Person/Thing		n
2108	RAINING OR RAIN	The physical world	Person/Thing		n
2109	FEAR OR FRIGHTEN	Emotions and values	Action/Process		v
2110	WARM (OF WEATHER)	The physical world	Property		a
2111	YOU TWO	Kinship	Other		n
2112	OLD (AGED)	Time	Property		a
2113	OLD (USED)	Time	Property		a
2114	BELLY OR STOMACH	The body	Person/Thing		n
2115	CEASE OR FINISH	Basic actions and technology	Action/Process		v
2116	REST OR SLEEP	Basic actions and technology	Action/Process		v
2117	DESIRE	Emotions and values	Action/Process		v
2118	MOUNTAIN OR HILL	The physical world	Person/Thing	i85525	n
2119	BOW STRING	Basic actions and technology	Person/Thing		n
2120	FINGER OR TOE	The body	Person/Thing		n
2121	ARM OR HAND	The body	Person/Thing		n
2122	MOUNTAIN FOOT	The physical world	Person/Thing		n
2123	MOUNTAIN RIDGE	The physical world	Person/Thing		n
2124	SMELL	Sense perception	Action/Process		v
2125	STONE OR ROCK	The physical world	Person/Thing	i86083	n
2126	EAR OR HEAR	The body	Person/Thing		n
2127	BARK OR SKIN	The body	Person/Thing		n
2128	CLAW OR NAIL	The body	Person/Thing		n
2129	BREAST OR MILK	The body	Person/Thing		n
2130	HEADGEAR	Clothing and grooming	Person/Thing	i51473	n
2131	TORCH OR LAMP	Basic actions and technology	Person/Thing	i60390	n
2132	SICKLE OR SCYTHE	Agriculture and vegetation	Person/Thing	i58590	n
2133	STRIKE OR BEAT	Basic actions and technology	Action/Process		v
2134	RAISE (BRING UP)	Basic actions and technology	Action/Process		v
2135	TRADE OR BARTER	Possession	Action/Process	i33030	v
2136	BRASS INSTRUMENT (HORN OR TRUMPET)	Speech and language	Person/Thing	i52377	n
2137	MAGICIAN	Religion and belief	Person/Thing	i89746	n
2138	LEGENDARY CREATURE	Religion and belief	Person/Thing		n
2139	MUROID (MOUSE OR RAT)	Animals	Person/Thing	i47798	n
2140	DAY OR SUN	The physical world	Person/Thing		n
2141	TREE OR WOOD	Agriculture and vegetation	Person/Thing		n
2142	RUN AWAY	Basic actions and technology	Action/Process		v
2143	LONG OR TALL	Spatial relations	Other		n
2144	SPRING OR WELL	The physical world	Person/Thing	i61077	n
2145	ROAST (DEVICE)	Food and drink	Person/Thing		n
2146	ROAST OR FRY	Food and drink	Action/Process	i23359	v
2147	WHO OR WHAT	Cognition	Other		n
2148	PICK	Basic actions and technology	Action/Process		v
2149	CHOP (INTO PIECES)	Basic actions and technology	Action/Process		v
2150	MATTER	Possession	Person/Thing		n
2151	COARSE	Spatial relations	Property		a
2152	THERE IS OR THERE ARE	Miscellaneous function words	Action/Process		v
2153	CARRY PERSON ON BACK	Motion	Action/Process		v
2154	PLOUGH (INSTRUMENT)	Agriculture and vegetation	Person/Thing		n
2155	CUT (WITH SCISSORS)	Basic actions and technology	Action/Process		v
2156	CUT (WITH KNIFE)	Basic actions and technology	Action/Process		v
2157	FINE OR THIN	Spatial relations	Property		a
2158	EARTH (WET SUBSTANCE)	The physical world	Person/Thing		n
2159	GROUND	The physical world	Person/Thing		n
2160	BAMBOO HAT	Clothing and grooming	Person/Thing		n
2161	HEMP CLOTH	Clothing and grooming	Person/Thing		n
2162	STIR FRY	Food and drink	Action/Process		v
2163	MARRY (AS WOMAN)	Kinship	Action/Process		v
2164	MARRY (AS MAN)	Kinship	Action/Process		v
2165	SLOWLY	Motion	Other		n
2166	PILLOW (CLASSIFIER)	Quantity	Classifier		n
2167	VEHICLE (CLASSIFIER)	Quantity	Classifier		n
2168	COW (CLASSIFIER)	Quantity	Classifier		n
2169	PIG (CLASSIFIER)	Quantity	Classifier		n
2170	PATERNAL AUNT (WIFE OF FATHER'S OLDER BROTHER)	Kinship	Person/Thing		n
2171	PATERNAL AUNT (WIFE OF FATHER'S YOUNGER BROTHER)	Kinship	Person/Thing		n
2172	MATERNAL AUNT (WIFE OF MOTHER'S BROTHER)	Kinship	Person/Thing		n
2173	PATERNAL UNCLE (FATHER'S OLDER BROTHER)	Kinship	Person/Thing		n
2174	PATERNAL UNCLE (FATHER'S YOUNGER BROTHER)	Kinship	Person/Thing		n
2175	PATERNAL AUNT	Kinship	Person/Thing		n
2176	MATERNAL AUNT	Kinship	Person/Thing		n
2177	MATERNAL GRANDMOTHER	Kinship	Person/Thing		n
2178	MATERNAL GRANDFATHER	Kinship	Person/Thing		n
2179	TWO MILES	Quantity	Other		n
2180	TWO OUNCES	Quantity	Other		n
2181	LIGHT (IN TASTE)	Food and drink	Property		a
2182	LEFT HAND	The body	Person/Thing		n
2183	RIGHT HAND	The body	Person/Thing		n
2184	CATCH A COLD	The body	Action/Process		v
2185	DOORSILLS	The house	Person/Thing		n
2186	DRAGON BOAT FESTIVAL	Social and political relations	Person/Thing		n
2187	MID-AUTUMN FESTIVAL	Social and political relations	Person/Thing		n
2188	NEW YEAR'S EVE	Social and political relations	Person/Thing		n
2189	DUGOUT	Motion	Person/Thing		n
2190	TASTE	Food and drink	Person/Thing		n
2191	LOW (HEIGHT)	Spatial relations	Property		a
2192	REJOICE	Emotions and values	Action/Process		v
2193	CARP	Emotions and values	Action/Process		v
2194	FRONT (PART)	Spatial relations	Person/Thing		n
2195	FRESH (OF WATER)	Food and drink	Property		a
2196	HORSETAIL	Animals	Person/Thing		n
2197	BAD PERSON	Kinship	Person/Thing		n
2198	LOCATION OF EMOTIONS	Emotions and values	Person/Thing		n
2199	LOWER PART	Spatial relations	Person/Thing		n
2200	SNOUT	Animals	Person/Thing		n
2201	LIGHT (SMELL OR TASTE)	Food and drink	Property		a
2202	HIGH-RANKING	Social and political relations	Property		a
2203	RABID	The body	Property		a
2204	LEDGE	Spatial relations	Person/Thing		n
2205	PEAK	Spatial relations	Person/Thing		n
2206	RABIES	The body	Person/Thing		n
2207	CHATTERER	Kinship	Person/Thing		n
2208	BE AT WAR	Warfare and hunting	Action/Process		v
2209	BECOME EXTINGUISHED	Basic actions and technology	Action/Process		v
2210	BECOME PREPARED (OF FOOD)	Food and drink	Action/Process		v
2211	CLOSE THE EYES	Motion	Action/Process		v
2212	ARRIVE (OF AN EVENT)	Time	Action/Process		v
2213	BODY PART	The body	Person/Thing		n
2214	AFFAIR	Possession	Person/Thing		n
2215	BECOME ANGRY	Emotions and values	Action/Process		v
2216	BECOME NUMB	Sense perception	Action/Process		v
2217	YOKE (VERB)	Motion	Action/Process		v
2218	EXPERIENCED	Cognition	Property		a
2219	LEAN (MEAT)	The body	Property		a
2220	MOVE QUICKLY	Motion	Action/Process		v
2221	NOMADIZE	Social and political relations	Action/Process		v
2222	CONJURE	Religion and belief	Action/Process		v
2223	BE ANGRY	Emotions and values	Action/Process		v
2224	BEND (SOMETHING)	Basic actions and technology	Action/Process		v
2225	RECEIVE VISITORS	Social and political relations	Action/Process		v
2226	BRAVE PERSON	Kinship	Person/Thing		n
2227	SPAWN (VERB)	Animals	Action/Process		v
2228	GLARING	Sense perception	Property		a
2229	BECOME SOUR	Food and drink	Action/Process		v
2230	UNTAMED OR WILD	Animals	Property		a
2231	CORRECT (SOMETHING OR SOMEBODY)	Social and political relations	Action/Process		v
2232	KEEN OR SUBTLE	Sense perception	Property		a
2233	LOVELY	Emotions and values	Property		a
2234	FALL (OF SNOW AND RAIN)	Motion	Action/Process		v
2235	CLEAN (SOMETHING)	Motion	Action/Process		v
2236	SHINE (EMITTED LIGHT)	The physical world	Person/Thing		n
2237	FIND OUT	Cognition	Action/Process		v
2238	KNOW HOW	Cognition	Action/Process		v
2239	DENSE	Spatial relations	Property		a
2240	CORAL SNAKE	Animals	Person/Thing		n
2241	WILD CAT	Animals	Person/Thing		n
2242	BEETLE	Animals	Person/Thing		n
2243	REPAIR	Basic actions and technology	Action/Process		v
2244	METAL	The physical world	Person/Thing		n
2245	BELCH	Basic actions and technology	Action/Process		v
2246	BELL	Basic actions and technology	Person/Thing		n
2247	CATERPILLAR	Animals	Person/Thing		n
2248	KNOW (SOMEBODY)	Cognition	Action/Process		v
2249	THIN (OF SHAPE OF OBJECT)	Spatial relations	Property		a
2250	LEAF (LEAFLIKE OBJECT)	Spatial relations	Person/Thing		n
2251	BEER BANANA	Agriculture and vegetation	Person/Thing		n
2252	PATH	Motion	Person/Thing	i57052	n
2253	DRIP (EMIT LIQUID)	Motion	Action/Process	i32102	v
2254	FATHER-IN-LAW (OF WOMAN)	Kinship	Person/Thing		n
2255	FATHER-IN-LAW (OF MAN)	Kinship	Person/Thing		n
2256	MOTHER-IN-LAW (OF WOMAN)	Kinship	Person/Thing		n
2257	MOTHER-IN-LAW (OF MAN)	Kinship	Person/Thing		n
2258	SET ALIGHT (SOMETHING)	The physical world	Action/Process		v
2259	FLESH	The body	Person/Thing	i64648	n
2260	FEMALE (OF PERSON)	Kinship	Property		a
2261	MALE (OF PERSON)	Kinship	Property		a
2262	FEMALE (OF ANIMAL)	Animals	Property	i8094	a
2263	MALE (OF ANIMAL)	Animals	Property	i8088	a
2264	DAUGHTER-IN-LAW (OF WOMAN)	Kinship	Person/Thing		n
2265	DAUGHTER-IN-LAW (OF MAN)	Kinship	Person/Thing		n
2266	SON-IN-LAW (OF WOMAN)	Kinship	Person/Thing		n
2267	SON-IN-LAW (OF MAN)	Kinship	Person/Thing		n
2268	POTION	Food and drink	Person/Thing		n
2269	BREATH OR LIFE	Basic actions and technology	Person/Thing		n
2270	SAGO	Food and drink	Person/Thing		n
2271	THINK	Cognition	Action/Process		v
2272	HOT OR WARM	Sense perception	Property		a
2273	LEECH	Animals	Person/Thing		n
2274	YOUR (PLURAL)	Possession	Other		n
2275	SHADOW	The physical world	Person/Thing		n
2276	IDENTICAL	Sense perception	Property		a
2277	WHOLE	Spatial relations	Property		a
2278	PERHAPS	Time	Other		n
2279	NO OR NOT	Cognition	Other		n
2280	LOUSE OR NIT	Animals	Person/Thing		n
2281	WORKING OR WORK	Basic actions and technology	Other		n
2282	SEA OR OCEAN	The physical world	Person/Thing		n
2283	SEMEN	The body	Person/Thing		n
2284	CLEARING	The physical world	Person/Thing		n
2285	ECLIPSE	The physical world	Person/Thing		n
2286	ESTUARY	The physical world	Person/Thing		n
2287	HORIZON	The physical world	Person/Thing		n
2288	METEOROID (SHOOTING OR SHINING STAR)	The physical world	Person/Thing		n
2289	MILKY WAY	The physical world	Person/Thing		n
2290	PUDDLE	The physical world	Person/Thing		n
2291	VOLCANO	The physical world	Person/Thing		n
2292	GLASSES	Basic actions and technology	Person/Thing		n
2293	UVULA	The body	Person/Thing		n
2294	WRINKLE	The body	Person/Thing		n
2295	SUNSET	Time	Person/Thing		n
2296	SUNRISE	Time	Person/Thing		n
2297	DUSK	Time	Person/Thing		n
2298	VIRGIN	Kinship	Person/Thing		n
2299	STRAW	The physical world	Person/Thing		n
2300	GREEN OR UNRIPE	Sense perception	Property		a
2301	ME	Kinship	Other		n
2302	CIRCULAR (ROUND IN TWO DIMENSIONS)	Spatial relations	Property		a
2303	SPHERICAL (ROUND IN THREE DIMENSIONS)	Spatial relations	Property		a
2304	THEE (OBLIQUE CASE OF YOU)	Kinship	Other		n
2305	THIN (OF HAIR AND THREAD)	Spatial relations	Property		a
2306	THIN (OF LEAF AND CLOTH)	Spatial relations	Property		a
2307	THIN (OF HAIR AND LEAF)	Spatial relations	Property		a
2308	THIN	Spatial relations	Property	i13354	a
2309	LIVE	The body	Action/Process		v
2310	US (OBLIQUE CASE OF WE)	Kinship	Other		n
2311	WOODS	The physical world	Person/Thing		n
2312	YOU (OBLIQUE CASE OF YOU)	Kinship	Other		n
2313	BRONZE	The physical world	Person/Thing		n
2314	BROTHER-IN-LAW	Kinship	Person/Thing		n
2315	COOK (PERSON)	Food and drink	Person/Thing		n
2316	FREE	Possession	Property		a
2317	SISTER-IN-LAW	Kinship	Person/Thing		n
2318	CHESTNUT	Agriculture and vegetation	Person/Thing		n
2319	LID (COVER, CAP)	Basic actions and technology	Person/Thing		n
2320	MUTE PERSON	The body	Person/Thing		n
2321	MAD PERSON	The body	Person/Thing		n
2322	LAME PERSON	Motion	Person/Thing		n
2323	BACK (PART)	Spatial relations	Person/Thing		n
2324	GET WET	Sense perception	Action/Process		v
2325	PULL OUT	Basic actions and technology	Action/Process		v
2326	TAKE OFF ONE'S CLOTHES	Basic actions and technology	Action/Process		v
2327	BECOME SICK	Basic actions and technology	Action/Process		v
2328	MISS (SOMEBODY)	Basic actions and technology	Action/Process		v
2329	LACK (NOT HAVE)	Basic actions and technology	Action/Process		v
2330	YEAR AFTER NEXT YEAR	Time	Other		n
2331	YEAR BEFORE LAST YEAR	Time	Other		n
2332	THREE DAYS FROM NOW	Time	Other		n
2333	THREE DAYS BEFORE NOW	Time	Other		n
2334	MELT	The physical world	Action/Process		v
2335	CUNNING	Cognition	Property		a
2336	OF THIS KIND (SUCH)	Miscellaneous function words	Other		n
2337	OF THAT KIND (SUCH)	Miscellaneous function words	Other		n
2338	HOW LONG	Time	Other		n
2339	NEED (SOMETHING)	Cognition	Other		n
2340	SUNNY	The physical world	Property		a
2341	CLOUDY	The physical world	Property		a
2342	LANDSCAPE	The physical world	Person/Thing		n
2343	STEEL	Basic actions and technology	Person/Thing		n
2344	PETROL	Modern world	Person/Thing		n
2345	LEPORID (RABBIT OR HARE)	Animals	Person/Thing		n
2346	CRESTED MYNA	Animals	Person/Thing		n
2347	YELLOW CROAKER	Animals	Person/Thing		n
2348	CRAB	Animals	Person/Thing		n
2349	SHRIMP	Animals	Person/Thing		n
2350	EARTHWORM	Animals	Person/Thing		n
2351	SILKWORM	Animals	Person/Thing		n
2352	DRAGONFLY	Animals	Person/Thing		n
2353	CICADA	Animals	Person/Thing		n
2354	CRICKET	Animals	Person/Thing		n
2355	GECKO	Animals	Person/Thing		n
2356	CHINESE PLUM	Agriculture and vegetation	Person/Thing		n
2357	APRICOT TREE	Agriculture and vegetation	Person/Thing		n
2358	PEACH TREE	Agriculture and vegetation	Person/Thing		n
2359	LOTUS	Agriculture and vegetation	Person/Thing		n
2360	SWEET OLIVE	Agriculture and vegetation	Person/Thing		n
2361	MUGWORT	Agriculture and vegetation	Person/Thing		n
2362	BRAN	Agriculture and vegetation	Person/Thing		n
2363	CHAFF (HUSK)	Agriculture and vegetation	Person/Thing		n
2364	PEANUT	Agriculture and vegetation	Person/Thing		n
2365	RADISH	Agriculture and vegetation	Person/Thing		n
2366	ONION	Agriculture and vegetation	Person/Thing		n
2367	MANDARINE	Agriculture and vegetation	Person/Thing		n
2368	GARLIC	Agriculture and vegetation	Person/Thing		n
2369	BETEL NUT	Agriculture and vegetation	Person/Thing		n
2370	CUT NUT	Agriculture and vegetation	Person/Thing		n
2371	BREADFRUIT	Agriculture and vegetation	Person/Thing		n
2372	SAGO PALM	Agriculture and vegetation	Person/Thing		n
2373	SKIN (OF FRUIT)	Agriculture and vegetation	Person/Thing		n
2374	DREAM	The body	Person/Thing		n
2375	VERTICAL	Spatial relations	Property		a
2376	HORIZONTAL	Spatial relations	Property		a
2377	FLASH (VERB)	The physical world	Action/Process		v
2378	THUNDER (VERB)	The physical world	Action/Process		v
2379	UP OR ABOVE	Spatial relations	Other		n
2380	BROTHER-IN-LAW (OF MAN)	Kinship	Person/Thing		n
2381	FEATHER OR FUR OR HAIR	The body	Person/Thing		n
2382	BLUE OR GREEN	Sense perception	Property		a
2383	AUNT OR MOTHER-IN-LAW	Kinship	Person/Thing		n
2384	COUSIN OR SISTER-IN-LAW	Kinship	Person/Thing		n
2385	GUAN OR TURKEY	Animals	Person/Thing		n
2386	TURKEY	Animals	Person/Thing		n
2387	UNCLE OR FATHER-IN-LAW	Kinship	Person/Thing		n
2388	LIANA	Agriculture and vegetation	Person/Thing		n
2389	COATI (COATIMUNDI)	Animals	Person/Thing		n
2390	PECCARY	Animals	Person/Thing		n
2391	BOY OR SON	Kinship	Person/Thing		n
2392	DAUGHTER OR GIRL	Kinship	Person/Thing		n
2393	JOURNEY	Motion	Person/Thing		n
2394	CHIEF	Social and political relations	Person/Thing		n
2395	CONGEAL (BLOOD)	The body	Action/Process		v
2396	KNOCK	Motion	Action/Process		v
2397	LOBSTER	Animals	Person/Thing		n
2398	MANGO	Agriculture and vegetation	Person/Thing		n
2399	GRANDPARENT	Kinship	Person/Thing		n
2400	THEIR	Possession	Other		n
2401	PICTURE	Modern world	Person/Thing		n
2402	ROBIN	Animals	Person/Thing		n
2403	TOY	Modern world	Person/Thing		n
2404	SANTA CLAUS	Modern world	Person/Thing		n
2405	CHRISTMAS	Modern world	Person/Thing		n
2406	HOME	The house	Person/Thing		n
2407	BIRTHDAY	Social and political relations	Person/Thing		n
2408	CAKE	Modern world	Person/Thing		n
2409	BROWN	Sense perception	Property		a
2410	GOOD-LOOKING	Sense perception	Property		a
2411	HURT (SOMEBODY)	Sense perception	Action/Process		v
2412	THANK (SOMEBODY)	Social and political relations	Action/Process		v
2413	SARONG	Clothing and grooming	Person/Thing		n
2414	OLDER BROTHER (OF MAN)	Kinship	Person/Thing		n
2415	OLDER BROTHER (OF WOMAN)	Kinship	Person/Thing		n
2416	YOUNGER BROTHER (OF MAN)	Kinship	Person/Thing		n
2417	YOUNGER BROTHER (OF WOMAN)	Kinship	Person/Thing		n
2418	OLDER SISTER (OF MAN)	Kinship	Person/Thing		n
2419	OLDER SISTER (OF WOMAN)	Kinship	Person/Thing		n
2420	YOUNGER SISTER (OF MAN)	Kinship	Person/Thing		n
2421	YOUNGER SISTER (OF WOMAN)	Kinship	Person/Thing		n
2422	SOMEONE	Quantity	Other		n
2423	CHANNEL	Modern world	Person/Thing		n
2424	MEMBER	Modern world	Person/Thing		n
2425	PROBLEM	Modern world	Person/Thing		n
2426	CLIMATE	The physical world	Person/Thing		n
2427	FUTURE	Time	Person/Thing		n
2428	LIBRARY	Modern world	Person/Thing		n
2429	LOGIC	Modern world	Person/Thing		n
2430	OFFICE	Modern world	Person/Thing		n
2431	REVOLUTION	Modern world	Person/Thing		n
2432	MARRIAGE	Kinship	Person/Thing		n
2433	THEORY	Modern world	Person/Thing		n
2434	TRAGEDY	Modern world	Person/Thing		n
2435	UNIVERSITY	Modern world	Person/Thing		n
2436	GUTS OR HEART	The body	Person/Thing		n
2437	ACAI PALM	Agriculture and vegetation	Person/Thing		n
2438	CAIMAN	Animals	Person/Thing		n
2439	TUCUMA PALM	Agriculture and vegetation	Person/Thing		n
2440	PINEAPPLE	Agriculture and vegetation	Person/Thing		n
2441	CASHEW	Agriculture and vegetation	Person/Thing		n
2442	COCOA BEAN	Agriculture and vegetation	Person/Thing		n
2443	ELECTRIC EEL	Animals	Person/Thing		n
2444	KINGFISHER	Animals	Person/Thing		n
2445	PAPAYA	Agriculture and vegetation	Person/Thing		n
2446	SLOTH	Animals	Person/Thing		n
2447	WOODPECKER	Animals	Person/Thing		n
2448	WILD DOG	Animals	Person/Thing		n
2449	FAT (OF MEAT AND FOOD)	Food and drink	Property		a
2450	FOOT OR WALK	The body	Other		n
2451	FOURTEEN	Quantity	Number		a
2452	PURPLE	Sense perception	Property		a
2453	SEVENTEEN	Quantity	Number		a
2454	SIXTEEN	Quantity	Number		a
2455	DREAMING OR DREAM	The body	Other		n
2456	LARGE WILD HERBIVORE	Animals	Person/Thing		n
2457	PATH OR ROAD	Motion	Person/Thing		n
2458	PERSPIRE OR SWEAT	The body	Other		n
2459	GRINDSTONE	Basic actions and technology	Person/Thing		n
2460	DINGO	Animals	Person/Thing		n
2461	WOLF-LIKE ANIMAL	Animals	Person/Thing		n
2462	WINNOWING	Basic actions and technology	Action/Process		v
2463	MOON OR MONTH	The physical world	Person/Thing		n
2464	LAY EGGS	Basic actions and technology	Action/Process		v
2465	DISGUST	Emotions and values	Person/Thing		n
2466	WEIGHT	Sense perception	Person/Thing		n
2467	GAME	Social and political relations	Person/Thing		n
2468	BAG	Basic actions and technology	Person/Thing		n
2469	AGAINST	Basic actions and technology	Property		a
2470	DEAR	Emotions and values	Property		a
2471	LADY	Social and political relations	Person/Thing		n
2472	SUCKLE (BREASTFEED, NURSE)	Basic actions and technology	Action/Process		v
2473	HIS (GENITIVE OF HE)	Possession	Other		n
2474	HER (GENITIVE OF SHE)	Possession	Other		n
2475	MALE GOAT	Animals	Person/Thing	i48327	n
2476	FEMALE GOAT	Animals	Person/Thing		n
2477	YAK	Animals	Person/Thing		n
2478	MALE YAK	Animals	Person/Thing		n
2479	FEMALE YAK	Animals	Person/Thing		n
2480	MALE DOG	Animals	Person/Thing		n
2481	FEMALE DOG	Animals	Person/Thing		n
2482	TOGETHER	Spatial relations	Other		n
2483	COLD (OF WEATHER)	Sense perception	Property		a
2484	SMALL (NOT TALL)	Spatial relations	Property		a
2485	HIDE (ONESELF)	Spatial relations	Action/Process		v
2486	HIDE	Spatial relations	Action/Process		v
2487	MALE PIG	Animals	Person/Thing		n
2488	FEMALE PIG	Animals	Person/Thing		n
2489	ABACUS	Modern world	Person/Thing		n
2490	NOON	Time	Person/Thing		n
2491	POULTRY MEAT	Food and drink	Person/Thing		n
2492	BOIL (SOMETHING)	Food and drink	Action/Process		v
2493	BOIL	Food and drink	Action/Process		v
2494	BAMBOO SHOOT	Agriculture and vegetation	Person/Thing		n
2495	ELEPHANT TUSK	Animals	Person/Thing		n
2496	ADORNED	Clothing and grooming	Property		a
2497	RATTAN	The house	Person/Thing		n
2498	OPIUM	Food and drink	Person/Thing		n
2499	KAPOK TREE	Agriculture and vegetation	Person/Thing		n
2500	GINGER	Agriculture and vegetation	Person/Thing		n
2501	RICE HUSK	Agriculture and vegetation	Person/Thing		n
2502	GONG	Modern world	Person/Thing		n
2503	LAUNDER (WASH CLOTHES)	Basic actions and technology	Action/Process		v
2504	DIFFERENT	Social and political relations	Property		a
2505	BEDROOM	The house	Person/Thing		n
2506	LOOSE	Basic actions and technology	Property		a
2507	DISGUSTING	Emotions and values	Property		a
2508	PANGOLIN	Animals	Person/Thing		n
2509	EXCHANGE	Basic actions and technology	Action/Process		v
2510	PORCUPINE	Animals	Person/Thing		n
2511	GIBBON	Animals	Person/Thing		n
2512	CHICK	Animals	Person/Thing		n
2513	CHICKEN CHICK	Animals	Person/Thing		n
2514	SPOUSE	Kinship	Person/Thing		n
2515	CARABAO	Animals	Person/Thing		n
2516	WATER BUFFALO	Animals	Person/Thing		n
2517	CROWDED	Social and political relations	Property		a
2518	HEARING (AURAL SENSE)	Sense perception	Person/Thing		n
2519	SEEING (VISUAL SENSE)	Sense perception	Person/Thing		n
2520	SMELLING (OLFACTORY SENSE)	Sense perception	Person/Thing		n
2521	FEELING (HAPTIC SENSE)	Sense perception	Person/Thing		n
2522	SCREAM (NOISE)	Speech and language	Person/Thing		n
2523	HOWLING	Speech and language	Person/Thing		n
2524	JOY	Emotions and values	Person/Thing		n
2525	LABOUR (EFFORT)	Basic actions and technology	Person/Thing		n
2526	POWER	Social and political relations	Person/Thing		n
2527	ABILITY	Social and political relations	Person/Thing		n
2528	SIZE (OF PERSON)	Spatial relations	Person/Thing		n
2529	BLESSED	Religion and belief	Person/Thing		n
2530	SMART	Cognition	Property		a
2531	BROAD	Spatial relations	Property		a
2532	TORNADO	The physical world	Person/Thing		n
2533	WATERSIDE	The physical world	Person/Thing		n
2534	DEPTH	Spatial relations	Person/Thing		n
2535	ALTITUDE	Spatial relations	Person/Thing		n
2536	BREADTH	Spatial relations	Person/Thing		n
2537	LENGTH	Spatial relations	Person/Thing		n
2538	TRENCH (FOSSE)	The physical world	Person/Thing		n
2539	PIT (POTHOLE)	The physical world	Person/Thing		n
2540	LIME (MATERIAL)	The physical world	Person/Thing		n
2541	MIRACLE	Religion and belief	Person/Thing		n
2542	HERB	Agriculture and vegetation	Person/Thing		n
2543	RAVEN	Animals	Person/Thing		n
2544	SHEPHERD	Basic actions and technology	Person/Thing		n
2545	HARROW (TOOL)	Agriculture and vegetation	Person/Thing		n
2546	BORDER	Social and political relations	Person/Thing		n
2547	CITY	Modern world	Person/Thing		n
2548	BARREL	Modern world	Person/Thing		n
2549	VEHICLE	Motion	Person/Thing		n
2550	VIANDS (PROVISIONS)	Food and drink	Person/Thing		n
2551	ORGANIC FAT OR OIL	Food and drink	Person/Thing		n
2552	HARNESS (ARMOUR)	Warfare and hunting	Person/Thing		n
2553	MISERY	Emotions and values	Person/Thing		n
2554	PRINCE (RULER)	Social and political relations	Person/Thing		n
2555	OIL (FROM PLANTS)	Food and drink	Person/Thing		n
2556	OIL (HYDROPHOBIC LIQUID)	The physical world	Person/Thing		n
2557	PIG FAT	Food and drink	Person/Thing		n
2558	BREAK (CLEAVE)	Basic actions and technology	Action/Process		v
2559	FEEL (TACTUALLY)	Basic actions and technology	Action/Process		v
2560	PATERNAL GRANDFATHER	Kinship	Person/Thing		n
2561	HURT (SENSE PAIN)	Sense perception	Action/Process		v
2562	SEX (GENDER)	Social and political relations	Person/Thing		n
2563	CASTRATE	The body	Action/Process		v
2564	PIGLET	Animals	Person/Thing		n
2565	CASTRATED BOAR	Animals	Person/Thing		n
2566	GELDING	Animals	Person/Thing		n
2567	CAPON	Animals	Person/Thing		n
2568	BAKER	Social and political relations	Person/Thing		n
2569	BUTCHER	Social and political relations	Person/Thing		n
2570	BEEF	Food and drink	Person/Thing		n
2571	TRY (TEST)	Basic actions and technology	Action/Process		v
2572	SENSE (PERCEIVE BY SENSES)	Sense perception	Action/Process		v
2573	FEELING (EMOTION)	Sense perception	Person/Thing		n
2574	BEAN OR PEA	Agriculture and vegetation	Person/Thing		n
2575	DO OR MAKE	Basic actions and technology	Action/Process		v
2576	ALREADY	Time	Other		n
2577	YET	Time	Other		n
2578	PENCIL	Modern world	Person/Thing		n
2579	TOOTHBRUSH	Modern world	Person/Thing		n
2580	HELICOPTER	Modern world	Person/Thing		n
2581	OCTOPUS	Animals	Person/Thing		n
2582	WHEELCHAIR	Modern world	Person/Thing		n
2583	PRETZEL	Food and drink	Person/Thing		n
2584	BENCH	The house	Person/Thing		n
2585	RACQUET	Modern world	Person/Thing		n
2586	SEAHORSE	Animals	Person/Thing		n
2587	DARTS	Modern world	Person/Thing		n
2588	GLOBE	Modern world	Person/Thing		n
2589	WREATH	Modern world	Person/Thing		n
2590	HARMONICA	Modern world	Person/Thing		n
2591	RHINOCEROS	Animals	Person/Thing		n
2592	IGLOO	The house	Person/Thing		n
2593	STILTS	Modern world	Person/Thing		n
2594	DOMINOES	Modern world	Person/Thing		n
2595	CACTUS	Agriculture and vegetation	Person/Thing		n
2596	ESCALATOR	Modern world	Person/Thing		n
2597	HARP	Modern world	Person/Thing		n
2598	DOOR KNOCKER	Modern world	Person/Thing		n
2599	STETHOSCOPE	Modern world	Person/Thing		n
2600	PYRAMID	The house	Person/Thing		n
2601	UNICORN	Religion and belief	Person/Thing		n
2602	FUNNEL	Modern world	Person/Thing		n
2603	ACCORDION	Modern world	Person/Thing		n
2604	NOOSE	Basic actions and technology	Person/Thing		n
2605	ASPARAGUS	Agriculture and vegetation	Person/Thing		n
2606	COMPASS	Modern world	Person/Thing		n
2607	TRIPOD	Modern world	Person/Thing		n
2608	SCROLL	Modern world	Person/Thing		n
2609	SPHINX	Religion and belief	Person/Thing		n
2610	TRELLIS (ARCHITECTURE)	Modern world	Person/Thing		n
2611	PALETTE (PAINTING)	Modern world	Person/Thing		n
2612	PROTRACTOR	Modern world	Person/Thing		n
2613	SKIN (HUMAN)	The body	Person/Thing		n
2614	SKIN (ANIMAL)	Animals	Person/Thing		n
2615	FLESH OR MEAT	The body	Person/Thing		n
2616	SAGO THATCH	The house	Person/Thing		n
2617	BULB	Agriculture and vegetation	Person/Thing		n
2618	CAMERA	Modern world	Person/Thing		n
2619	CARD	Modern world	Person/Thing		n
2620	CARRIAGE	Modern world	Person/Thing		n
2621	CURTAIN	Modern world	Person/Thing		n
2622	ENGINE	Modern world	Person/Thing		n
2623	FLAG	Modern world	Person/Thing		n
2624	FRAME	Modern world	Person/Thing		n
2625	MAP	Modern world	Person/Thing		n
2626	NERVE	The body	Person/Thing		n
2627	ORANGE (FRUIT)	Agriculture and vegetation	Person/Thing		n
2628	PLANT STEM	Agriculture and vegetation	Person/Thing		n
2629	TRAY	Modern world	Person/Thing		n
2630	WHIP	Modern world	Person/Thing		n
2631	WIRE	Modern world	Person/Thing		n
2632	AREA UNDER HOUSE	The house	Person/Thing		n
2633	BLACK OR DARK	Sense perception	Property		a
2634	WE TWO	Kinship	Other		n
2635	THEY TWO	Kinship	Other		n
2636	WE TWO (EXCLUSIVE)	Kinship	Other		n
2637	WE TWO (INCLUSIVE)	Kinship	Other		n
2638	FISHING	Basic actions and technology	Action/Process		v
2639	FISHING (WITH A NET)	Basic actions and technology	Action/Process		v
2640	LARVA	Animals	Person/Thing		n
2641	MYTHICAL BEING	Religion and belief	Person/Thing		n
2642	HE OR SHE	Kinship	Other		n
2643	INK	Modern world	Person/Thing		n
2644	GRANDFATHER OR OLDER BROTHER	Kinship	Person/Thing		n
2645	MAN OR PERSON	Kinship	Person/Thing		n
2646	HUSBAND OR MALE PERSON	Kinship	Person/Thing		n
2647	CATTY (MASS UNIT)	Basic actions and technology	Classifier		n
2648	HAIR (HEAD)	The body	Person/Thing		n
2649	COCONUT SHELL LADLE	Food and drink	Person/Thing		n
2650	ALL OR MANY	Quantity	Other		n
2651	BE IGNORANT	Cognition	Action/Process		v
2652	BROAD OR WIDE	Spatial relations	Property		a
2653	NET (FOR CATCHING)	Basic actions and technology	Person/Thing		n
2654	VIPER	Animals	Person/Thing		n
2655	JACKFRUIT	Agriculture and vegetation	Person/Thing		n
2656	MIDNIGHT	Time	Person/Thing		n
2657	LADLE	Food and drink	Person/Thing		n
2658	COAL	The physical world	Person/Thing		n
2659	CHARCOAL OR COAL	The physical world	Person/Thing		n
2660	DO NOT DO IT	Speech and language	Action/Process		v
2661	PEOPLE OR PERSON	Kinship	Person/Thing		n
2662	TOENAIL	The body	Person/Thing		n
2663	UMBILICAL CORD	The body	Person/Thing		n
2664	SCAB	The body	Person/Thing		n
2665	WART	The body	Person/Thing		n
2666	SOLE (FOOT)	The body	Person/Thing		n
2667	TORSO	The body	Person/Thing		n
2668	SKELETON	The body	Person/Thing		n
2669	POINT (WITH FINGER)	The body	Person/Thing		n
2670	ACROSS	Spatial relations	Other		n
2671	PENIS SHEATH	Clothing and grooming	Person/Thing		n
2672	HEADWATERS	The physical world	Person/Thing		n
2673	BIRD OF PARADISE	Animals	Person/Thing		n
2674	ORAL CAVITY	The body	Person/Thing		n
2675	FIRE OR FIREWOOD	The physical world	Person/Thing		n
2676	TWO HUNDRED	Quantity	Number		a
2677	SPEARTHROWER	Warfare and hunting	Person/Thing		n
2678	HAIR OR FUR	The body	Person/Thing		n
2679	BLOW (WITH NOSE)	Basic actions and technology	Action/Process		v
2680	MACHETE	Food and drink	Person/Thing		n
2681	LUTE	Speech and language	Person/Thing		n
2682	AUNT OR UNCLE	Kinship	Person/Thing		n
2683	EAGLE OR HAWK	Animals	Person/Thing		n
2684	CAPRINE (GOAT OR SHEEP)	Animals	Person/Thing		n
2685	CARP (FISH)	Animals	Person/Thing		n
2686	CRUSTACEANS (PRAWNS OR SHRIMP)	Animals	Person/Thing	i78058	n
2687	STEELYARD (BALANCE)	Basic actions and technology	Person/Thing		n
2688	FOOT (UNIT)	Basic actions and technology	Person/Thing		n
2689	LADDER OR STAIRS	Basic actions and technology	Person/Thing		n
2690	UNCLE (HUSBAND OF FATHER'S SISTER)	Kinship	Person/Thing		n
2691	PATERNAL AUNT (FATHER'S SISTER)	Kinship	Person/Thing		n
2692	MATERNAL UNCLE (MOTHER'S BROTHER)	Kinship	Person/Thing		n
2693	MATERNAL AUNT (MOTHER'S SISTER)	Kinship	Person/Thing		n
2694	MATERNAL UNCLE (HUSBAND OF ONE'S MATERNAL AUNT)	Kinship	Person/Thing		n
2695	SISTER-IN-LAW (OLDER BROTHER'S WIFE)	Kinship	Person/Thing		n
2696	BROTHER-IN-LAW (OLDER SISTER'S HUSBAND)	Kinship	Person/Thing		n
2697	BROTHER-IN-LAW (YOUNGER SISTER'S HUSBAND)	Kinship	Person/Thing		n
2698	BROTHER-IN-LAW (HUSBAND'S OLDER BROTHER)	Kinship	Person/Thing		n
2699	BROTHER-IN-LAW (HUSBAND'S YOUNGER BROTHER)	Kinship	Person/Thing		n
2700	SISTER-IN-LAW (HUSBAND'S OLDER SISTER)	Kinship	Person/Thing		n
2701	SISTER-IN-LAW (HUSBAND'S YOUNGER SISTER)	Kinship	Person/Thing		n
2702	GRANDSON (SON'S SON)	Kinship	Person/Thing		n
2703	GRANDCHILD (DAUGHTER'S OFFSPRING)	Kinship	Person/Thing		n
2704	FADE (LOOSE COLOR)	Basic actions and technology	Action/Process		v
2705	INHALE	Basic actions and technology	Action/Process		v
2706	GNAW	Basic actions and technology	Action/Process		v
2707	CLOG (SOMETHING)	Basic actions and technology	Action/Process		v
2708	TALK	Basic actions and technology	Action/Process		v
2709	FLATTER	Basic actions and technology	Action/Process		v
2710	TAKE A PHOTO	Basic actions and technology	Action/Process		v
2711	TRANSPORT	Basic actions and technology	Action/Process		v
2712	GET DIZZY	Basic actions and technology	Action/Process		v
2713	HAVE A FEVER	Basic actions and technology	Action/Process		v
2714	HAVE DIARRHEA	Basic actions and technology	Action/Process		v
2715	DESPISE	Basic actions and technology	Action/Process		v
2716	BLAME (SOMEBODY)	Emotions and values	Action/Process		v
2717	STEEP	Spatial relations	Property		a
2718	STRONG (OF DRINK)	Food and drink	Property		a
2719	FAT (OILY)	Food and drink	Property		a
2720	FISH (CLASSIFIER)	Quantity	Classifier		n
2721	TREE (CLASSIFIER)	Quantity	Classifier		n
2722	TUFT (CLASSIFIER)	Quantity	Classifier		n
2723	BUD (CLASSIFIER)	Quantity	Classifier		n
2724	CHAIN (CLASSIFIER)	Quantity	Classifier		n
2725	PORTION (CLASSIFIER)	Quantity	Classifier		n
2726	STALK (CLASSIFIER)	Quantity	Classifier		n
2727	BOTTLE (CLASSIFIER)	Quantity	Classifier		n
2728	MOUTHFUL (CLASSIFIER)	Quantity	Classifier		n
2729	SHEET (CLASSIFIER)	Quantity	Classifier		n
2730	HAT (CLASSIFIER)	Quantity	Classifier		n
2731	NEEDLE (CLASSIFIER)	Quantity	Classifier		n
2732	HOUSE (CLASSIFIER)	Quantity	Classifier		n
2733	BRIDGE (CLASSIFIER)	Quantity	Classifier		n
2734	DOOR (CLASSIFIER)	Quantity	Classifier		n
2735	CAR (CLASSIFIER)	Quantity	Classifier		n
2736	SHIP (CLASSIFIER)	Quantity	Classifier		n
2737	AFFAIR (CLASSIFIER)	Quantity	Classifier		n
2738	DEAL (CLASSIFIER)	Quantity	Classifier		n
2739	WALK (CLASSIFIER)	Quantity	Classifier		n
2740	BEAT (CLASSIFIER)	Quantity	Classifier		n
2741	BIT (CLASSIFIER)	Quantity	Classifier		n
2742	SUNNY DAY	The physical world	Person/Thing		n
2743	CLOUDY DAY	The physical world	Person/Thing		n
2744	PLUM BLOSSOM	Agriculture and vegetation	Person/Thing		n
2745	APRICOT BLOSSOM	Agriculture and vegetation	Person/Thing		n
2746	PEACH BLOSSOM	Agriculture and vegetation	Person/Thing		n
2747	OSMANTHUS FRAGRANS	Agriculture and vegetation	Person/Thing		n
2748	SWEET OLIVE FLOWER	Agriculture and vegetation	Person/Thing		n
2749	UNHUSKED RICE	Agriculture and vegetation	Person/Thing		n
2750	GLUTINOUS RICE	Agriculture and vegetation	Person/Thing		n
2751	BY (PASSIVE MARKER)	Basic actions and technology	Other		n
2753	UNTIL	Time	Other		n
2754	TOWARDS	Spatial relations	Other		n
2755	BUSY	Time	Property		a
2756	IDLE	Time	Person/Thing		n
2757	ANGULAR (SQUAREFORMED)	Spatial relations	Person/Thing		n
2758	CAREFUL	Basic actions and technology	Property		a
2759	RECOMMEND	Basic actions and technology	Action/Process		v
2760	MAKE A JOKE	Speech and language	Action/Process		v
2761	BEND (ONESELF)	Basic actions and technology	Action/Process		v
2762	BLOCK (THE WAY)	Basic actions and technology	Action/Process		v
2763	CARRY HORIZONTALLY	Basic actions and technology	Action/Process		v
2764	CHICKEN NEST	Animals	Person/Thing		n
2765	CHERRY	Agriculture and vegetation	Person/Thing		n
2766	WATERMELON	Agriculture and vegetation	Person/Thing		n
2767	MEAT DISHES	Food and drink	Person/Thing		n
2768	LITCHI	Agriculture and vegetation	Person/Thing		n
2769	PORK	Food and drink	Person/Thing		n
2770	JACKET	Clothing and grooming	Person/Thing		n
2771	SHAWL	Clothing and grooming	Person/Thing		n
2772	KITCHEN KNIFE	Food and drink	Person/Thing		n
2773	FINGERTIP	The body	Person/Thing		n
2774	LITTLE FINGER	The body	Person/Thing		n
2775	FORENOON	Time	Person/Thing		n
2776	WILD GOOSE	Animals	Person/Thing		n
2777	PIG TONGUE	The body	Person/Thing		n
2778	PIG LIVER	The body	Person/Thing		n
2779	CHICKEN EGG	Food and drink	Person/Thing		n
2782	FOOT (MEASURE)	Quantity	Person/Thing		n
2783	SCALES (MEASURE INSTRUMENT)	Quantity	Person/Thing		n
2784	CRUCIAN CARP	Animals	Person/Thing		n
2785	BIVALVIA (MUSSELS OR OYSTERS)	Animals	Person/Thing		n
2787	CONSUME (DRINK OR EAT)	Food and drink	Action/Process		v
2788	LADLE (WATER)	Food and drink	Action/Process		v
2789	BURP	Basic actions and technology	Action/Process		v
2790	HIGH OR TALL	Spatial relations	Property		a
2791	THIS MONTH	Time	Person/Thing		n
2792	LAST MONTH	Time	Person/Thing		n
2793	NEXT MONTH	Time	Person/Thing		n
2794	FIELD (UPLAND)	Agriculture and vegetation	Person/Thing		n
2795	MOSQUITO NET	Basic actions and technology	Person/Thing		n
2796	FISHING (WITH A HOOK)	Warfare and hunting	Action/Process		v
2797	SESAME	Agriculture and vegetation	Person/Thing		n
2798	RIVER OR WATER	The physical world	Person/Thing		n
2799	LANGUAGE OR WORD	Speech and language	Person/Thing		n
2800	FEMALE PERSON OR MOTHER	Kinship	Person/Thing		n
2801	TOMORROW OR YESTERDAY	Time	Other		n
2802	SAGO GRUB	Animals	Person/Thing		n
2803	LEAF SPINE	Agriculture and vegetation	Person/Thing		n
2804	AMULET	Religion and belief	Person/Thing		n
2805	BIRTH (ACCOUCHEMENT)	Basic actions and technology	Person/Thing		n
2806	BLACK MAN	Kinship	Person/Thing		n
2807	BLACK WOMAN	Kinship	Person/Thing		n
2808	BLACKEN	Basic actions and technology	Action/Process		v
2809	BLUEBERRY	Agriculture and vegetation	Person/Thing		n
2810	BREASTBONE	The body	Person/Thing		n
2811	BUSHFIRE	Basic actions and technology	Person/Thing		n
2812	CRAB CLAW	Animals	Person/Thing		n
2813	CRAYFISH (FRESHWATER)	Animals	Person/Thing		n
2814	CUTTLEFISH	Animals	Person/Thing		n
2815	DIALECT	Speech and language	Person/Thing		n
2816	ECHO	Sense perception	Person/Thing		n
2817	EMU	Animals	Person/Thing		n
2818	FORD (CROSSING)	The physical world	Person/Thing		n
2819	GRASSLAND	Agriculture and vegetation	Person/Thing		n
2820	HIP BONE	The body	Person/Thing		n
2821	JEALOUS	Emotions and values	Property		a
2822	KANGAROO RAT	Animals	Person/Thing		n
2823	KANGAROO SKIN	Animals	Person/Thing		n
2824	KNUCKLE	The body	Person/Thing		n
2825	LEFT HANDED	Basic actions and technology	Property		a
2826	LIE (FALSEHOOD)	Emotions and values	Person/Thing		n
2827	MENSTRUATE	Basic actions and technology	Action/Process		v
2828	MOTH	Animals	Person/Thing		n
2829	MUSSELS	Animals	Person/Thing		n
2830	OYSTERS	Animals	Person/Thing		n
2831	PENGUIN	Animals	Person/Thing		n
2832	PYRE	Religion and belief	Person/Thing		n
2833	RUM	Food and drink	Person/Thing		n
2834	SCROTUM	The body	Person/Thing		n
2835	SHOOTING STAR	The physical world	Person/Thing		n
2836	STARLIGHT	The physical world	Person/Thing		n
2837	SWAN	Animals	Person/Thing		n
2838	TAME	Animals	Property		a
2839	WHITE MAN	Kinship	Person/Thing		n
2840	WHITE WOMAN	Kinship	Person/Thing		n
2841	WOMBAT	Animals	Person/Thing		n
2842	TURMERIC	Agriculture and vegetation	Person/Thing		n
2843	CAULIFLOWER	Agriculture and vegetation	Person/Thing		n
2844	YOU (FORMAL ADDRESS)	Kinship	Other		n
2845	SIZE (OF OBJECT)	Spatial relations	Person/Thing		n
2846	MARCH	Time	Person/Thing		n
2847	APRIL	Time	Person/Thing		n
2848	MAY (MONTH)	Time	Person/Thing		n
2849	JUNE	Time	Person/Thing		n
2850	JULY	Time	Person/Thing		n
2851	AUGUST	Time	Person/Thing		n
2852	SEPTEMBER	Time	Person/Thing		n
2853	OCTOBER	Time	Person/Thing		n
2854	NOVEMBER	Time	Person/Thing		n
2855	DECEMBER	Time	Person/Thing		n
2856	CHANGE (SOMETHING)	Spatial relations	Action/Process		v
2857	CHANGE (BECOME DIFFERENT)	Spatial relations	Action/Process		v
2858	STREAM (FLOW CONTINUOUSLY)	Spatial relations	Action/Process		v
2859	SMOKE (EMIT SMOKE)	Basic actions and technology	Action/Process		v
2860	BOLT (MOVE IN HASTE)	Motion	Action/Process		v
2861	BUDGE (ONESELF)	Motion	Action/Process		v
2862	CONNECT	Motion	Action/Process		v
2863	DASH (OF VEHICLE)	Motion	Action/Process		v
2864	DECREASE	Basic actions and technology	Action/Process		v
2865	DIE (FROM ACCIDENT)	Basic actions and technology	Action/Process		v
2866	DROP (SOMETHING)	Basic actions and technology	Action/Process	i31618	v
2867	CALCULATE	Modern world	Action/Process		v
2868	DRIVE (CATTLE)	Animals	Action/Process		v
2869	BOTHER (HARASS)	Emotions and values	Action/Process		v
2870	RECOGNIZE (SOMEBODY)	Basic actions and technology	Action/Process		v
2871	SWING (MOVEMENT)	Basic actions and technology	Action/Process		v
2872	IMPROVE (SOMETHING)	Basic actions and technology	Action/Process		v
2873	MOVE (AFFECT EMOTIONALLY)	Basic actions and technology	Action/Process		v
2874	MOVE (ONESELF)	Basic actions and technology	Action/Process		v
2875	RING (MAKE SOUND)	Basic actions and technology	Action/Process		v
2876	ROAR (OF SEA)	Basic actions and technology	Action/Process		v
2877	RUSTLE (OF LEAVES)	Basic actions and technology	Action/Process		v
2878	SEAT (SOMEBODY)	Basic actions and technology	Action/Process		v
2879	SOUND (OF INSTRUMENT OR VOICE)	Basic actions and technology	Action/Process		v
2880	HALT (STOP)	Basic actions and technology	Action/Process		v
2881	URGE (SOMEONE)	Emotions and values	Action/Process		v
2882	ADD	Basic actions and technology	Action/Process		v
2883	DISTURB	Emotions and values	Action/Process		v
2884	HANG	Basic actions and technology	Action/Process		v
2885	HERD (SOMETHING)	Basic actions and technology	Action/Process		v
2886	PRODUCE	Modern world	Action/Process		v
2887	THAW (DEW)	Basic actions and technology	Action/Process		v
2888	TINKLE	Basic actions and technology	Action/Process		v
2889	TWINKLE	Basic actions and technology	Action/Process		v
2890	WALK (TAKE A WALK)	Basic actions and technology	Action/Process		v
2891	TIE UP (TETHER)	Basic actions and technology	Action/Process		v
2892	MAKE ANGRY (ANNOY)	Emotions and values	Action/Process		v
2893	NOTICE (SOMETHING)	Basic actions and technology	Action/Process		v
2894	TUMBLE (FALL DOWN)	Basic actions and technology	Action/Process		v
2895	MAKE NOISE	Basic actions and technology	Action/Process		v
2896	CAUSE TO (LET)	Basic actions and technology	Action/Process		v
2897	CHIME (ACTION)	Modern world	Action/Process		v
2898	CONVEY (A MESSAGE)	Basic actions and technology	Action/Process		v
2899	JOG (SOMETHING)	Basic actions and technology	Action/Process		v
2900	PROTECT	Basic actions and technology	Action/Process		v
2901	SWING (SOMETHING)	Basic actions and technology	Action/Process		v
2902	BRAWL (FIGHT)	Basic actions and technology	Action/Process		v
2903	CHAT (WITH SOMEBODY)	Basic actions and technology	Action/Process		v
2904	RINSE	Basic actions and technology	Action/Process		v
2905	KNIT	Basic actions and technology	Action/Process		v
2906	TRANSLATE	Basic actions and technology	Action/Process		v
2907	ROT	Basic actions and technology	Action/Process		v
2908	GUEST OR STRANGER	Kinship	Person/Thing		n
2909	PREPARE	Basic actions and technology	Action/Process		v
2910	BACK (DIRECTION)	Spatial relations	Other		n
2911	BACKWARD	Spatial relations	Other		n
2912	FORWARD	Spatial relations	Other		n
2914	ONCE (IN THE PAST)	Time	Other		n
2915	AT FIRST	Time	Other		n
2916	INSTANTLY (IMMEDIATELY)	Time	Other		n
2917	NEXT TO	Spatial relations	Other		n
2918	BECAUSE OF	Basic actions and technology	Other		n
2919	STILL (CONTINUING)	Time	Other		n
2920	SUDDENLY	Time	Other		n
2921	THEN	Time	Other		n
2922	AT THAT TIME	Time	Other		n
2923	THITHER (THERE TO)	Spatial relations	Other		n
2924	A LITTLE	Basic actions and technology	Other		n
2925	HITHER (HERE TO)	Spatial relations	Other		n
2926	HARDLY	Basic actions and technology	Other		n
2927	FROM HERE	Spatial relations	Other		n
2928	WHITHER (WHERE TO)	Spatial relations	Other		n
2929	BENEFIT	Modern world	Person/Thing		n
2930	BOSS	Modern world	Person/Thing		n
2931	BUSINESS	Modern world	Person/Thing		n
2932	COLD (CHILL)	Sense perception	Person/Thing		n
2933	CONVERSATION	Speech and language	Person/Thing		n
2934	CUCKOO	Animals	Person/Thing		n
2935	CURRENT (STREAM)	The physical world	Person/Thing		n
2936	ELEVATION	The physical world	Person/Thing		n
2937	FAIRY TALE	Modern world	Person/Thing		n
2938	FLAVOR	Sense perception	Person/Thing		n
2939	FLOCK (OF ANIMALS)	Animals	Person/Thing		n
2940	GATE	The house	Person/Thing		n
2941	HAPPINESS	Emotions and values	Person/Thing		n
2942	HOARFROST	Sense perception	Person/Thing		n
2943	BUNDLE	Basic actions and technology	Person/Thing		n
2944	CALL (APPEAL)	Speech and language	Person/Thing		n
2945	COUNT (QUANTITY)	Quantity	Person/Thing		n
2946	CRADLE	Modern world	Person/Thing		n
2947	DAMAGE (INJURY)	Modern world	Person/Thing		n
2948	GAP (DISTANCE)	Spatial relations	Person/Thing		n
2949	LAIR	Animals	Person/Thing		n
2950	MEANING	Speech and language	Person/Thing		n
2951	POUCH	Basic actions and technology	Person/Thing		n
2952	SLAB	Modern world	Person/Thing		n
2953	SLEEVE	Clothing and grooming	Person/Thing		n
2954	SLICE	Modern world	Person/Thing		n
2955	STATE (POLITICS)	Modern world	Person/Thing		n
2956	TUBE	Modern world	Person/Thing		n
2957	WARE	Modern world	Person/Thing		n
2958	LAUGHTER	Emotions and values	Person/Thing		n
2959	LEASH	Basic actions and technology	Person/Thing		n
2960	LONGING (WISH)	Emotions and values	Person/Thing		n
2961	MESSAGE	Speech and language	Person/Thing		n
2962	MOORLAND	The physical world	Person/Thing		n
2963	NET	Basic actions and technology	Person/Thing		n
2964	NEWS	Basic actions and technology	Person/Thing		n
2965	PAW	Animals	Person/Thing		n
2966	PERCH (FISH)	Animals	Person/Thing		n
2967	PIKE (FISH)	Animals	Person/Thing		n
2968	REASON	Emotions and values	Person/Thing		n
2969	RIBBON	Basic actions and technology	Person/Thing		n
2970	RIDDLE	Emotions and values	Person/Thing		n
2971	SIN	Religion and belief	Person/Thing		n
2972	SLEEP (STATE)	Basic actions and technology	Person/Thing		n
2973	STRAP	Basic actions and technology	Person/Thing		n
2974	SWARM (OF BIRDS)	Animals	Person/Thing		n
2975	THOUGHT	Cognition	Person/Thing		n
2976	VIOLENCE	Emotions and values	Person/Thing		n
2977	WORKER	Modern world	Person/Thing		n
2978	DISTANCE	Spatial relations	Person/Thing		n
2979	WALK (MANNER)	Basic actions and technology	Person/Thing		n
2980	AREA	The physical world	Person/Thing		n
2981	ITEM	The physical world	Person/Thing		n
2982	GIFT	Basic actions and technology	Person/Thing		n
2983	COMPANIONSHIP	Modern world	Person/Thing		n
2984	HEAP	Basic actions and technology	Person/Thing		n
2985	HEIGHT	Spatial relations	Person/Thing		n
2986	CAMPFIRE	Basic actions and technology	Person/Thing		n
2987	AMOUNT	Quantity	Person/Thing		n
2988	PATTERN	The physical world	Person/Thing		n
2989	FRINGE	Spatial relations	Person/Thing		n
2990	SACK	Basic actions and technology	Person/Thing		n
2991	SKI	Modern world	Person/Thing		n
2992	TIP (OF OBJECT)	Spatial relations	Person/Thing		n
2993	STROKE (OF PEN)	Modern world	Person/Thing		n
2994	SUPPORT (OF OBJECT)	Spatial relations	Person/Thing		n
2995	TONE (MUSIC)	Sense perception	Person/Thing		n
2996	WEALTH	Modern world	Person/Thing		n
2997	COLORFUL	Sense perception	Property		a
2998	DAMP	Sense perception	Property		a
2999	EVERYWHERE	Spatial relations	Other		n
3000	LIVING	The body	Property		a
3001	POWERFUL	Basic actions and technology	Property		a
3002	PRECIOUS	Emotions and values	Property		a
3003	SOLID	Sense perception	Property		a
3004	FORMER	Time	Other		n
3005	FAMILIAR	Emotions and values	Property		a
3006	SPACE (AVAILABLE)	Spatial relations	Person/Thing		n
3007	EUCALYPT	Agriculture and vegetation	Person/Thing		n
3008	ECHIDNA	Animals	Person/Thing		n
3009	WHITE COCKATOO	Animals	Person/Thing		n
3010	WAGTAIL	Animals	Person/Thing		n
3011	GRUB	Animals	Person/Thing		n
3012	BANDICOOT	Animals	Person/Thing		n
3013	BLACK COCKATOO	Animals	Person/Thing		n
3014	BLACK DUCK	Animals	Person/Thing		n
3015	PATERNAL GRANDMOTHER	Kinship	Person/Thing		n
3016	FIRE STICK	Basic actions and technology	Person/Thing		n
3017	MONITOR LIZARD	Animals	Person/Thing		n
3018	NATIVE CAT	Animals	Person/Thing		n
3019	SAND HILL	The physical world	Person/Thing		n
3020	BREAK (BREAKING)	Basic actions and technology	Action/Process		v
3021	BLUE TONGUED SKINK	Animals	Person/Thing		n
3022	TOP GRINDSTONE	Basic actions and technology	Person/Thing		n
3023	BOTTOM GRINDSTONE	Basic actions and technology	Person/Thing		n
3024	BRIDE PRICE	Social and political relations	Person/Thing		n
3025	BARN OR SHED	The house	Person/Thing		n
3026	CONJUNCTIVITIS	The body	Person/Thing		n
3027	COOKED CORN	Food and drink	Person/Thing		n
3028	GRAVEL	The physical world	Person/Thing		n
3029	SUGAR PALM	Agriculture and vegetation	Person/Thing		n
3030	LONTAR PALM	Agriculture and vegetation	Person/Thing		n
3031	MORINGA TREE	Agriculture and vegetation	Person/Thing		n
3032	STARFISH	Animals	Person/Thing		n
3033	SCARED	Emotions and values	Property		a
3034	GREEN COCONUT	Agriculture and vegetation	Person/Thing		n
3035	RIPE COCONUT	Agriculture and vegetation	Person/Thing		n
3036	TREETOP	Agriculture and vegetation	Person/Thing		n
3037	SAME-SEX OLDER SIBLING	Kinship	Person/Thing		n
3038	SAME-SEX YOUNGER SIBLING	Kinship	Person/Thing		n
3039	DIFFERENT-SEX OLDER SIBLING	Kinship	Person/Thing		n
3040	DIFFERENT-SEX YOUNGER SIBLING	Kinship	Person/Thing		n
3041	PATERNAL AUNT (FATHER'S OLDER SISTER)	Kinship	Person/Thing		n
3042	MATERNAL AUNT (MOTHER'S OLDER SISTER)	Kinship	Person/Thing		n
3043	MATERNAL AUNT (MOTHER'S YOUNGER SISTER)	Kinship	Person/Thing		n
3044	BOVINE	Animals	Person/Thing		n
3045	COPPER (COLOR)	Sense perception	Property		a
3046	FODDER	Food and drink	Person/Thing		n
3047	HOT SEASON	Time	Person/Thing		n
3048	MOUTH HARP	Modern world	Person/Thing		n
3049	COURAGE	Emotions and values	Person/Thing		n
3050	SEEDLING	Agriculture and vegetation	Person/Thing		n
3051	REED PIPE	Modern world	Person/Thing		n
3052	ERHU	Modern world	Person/Thing		n
3053	TIGHT	Basic actions and technology	Property		a
3054	BEAR FRUIT	Agriculture and vegetation	Action/Process		v
3055	SWINDLE	Law	Action/Process		v
3056	ANIMAL (CLASSIFIER)	Quantity	Classifier		n
3057	FLAIL	Basic actions and technology	Person/Thing		n
3058	GRAZE	Animals	Action/Process		v
3059	MALARIA	The body	Person/Thing		n
3060	PHEASANT	Animals	Person/Thing		n
3061	PHLEGM	The body	Person/Thing		n
3062	TURNIP	Agriculture and vegetation	Person/Thing		n
3063	RAMIE	Agriculture and vegetation	Person/Thing		n
3064	RUST	Basic actions and technology	Person/Thing		n
3065	SADDLE	Basic actions and technology	Person/Thing		n
3066	SCARF OR TURBAN	Clothing and grooming	Person/Thing		n
3067	CLEAVER	Food and drink	Person/Thing		n
3068	COOL DOWN	The physical world	Action/Process		v
3069	FALSE	Emotions and values	Property		a
3070	HOLD A MEETING	Social and political relations	Action/Process		v
3071	INSERT	Motion	Action/Process		v
3072	MISPLACE	Basic actions and technology	Action/Process	i33170	v
3073	MANAGE	Basic actions and technology	Action/Process		v
3074	FIX	Basic actions and technology	Action/Process		v
3075	SLANTED	Spatial relations	Property		a
3076	SLOPE	The physical world	Person/Thing		n
3077	SWALLOW (BIRD)	Animals	Person/Thing		n
3078	IRRIGATE	Agriculture and vegetation	Action/Process		v
3079	HIGHLAND BARLEY	Agriculture and vegetation	Person/Thing		n
3080	SPLIT OPEN	Basic actions and technology	Action/Process		v
3081	CROPS	Agriculture and vegetation	Person/Thing		n
3082	MINCE (SOMETHING)	Basic actions and technology	Action/Process		v
3083	BALLOON	Modern world	Person/Thing		n
3084	BLACKBOARD	The house	Person/Thing		n
3085	CARROT	Agriculture and vegetation	Person/Thing		n
3086	COMPUTER	Modern world	Person/Thing		n
3087	PACIFIER	Clothing and grooming	Person/Thing		n
3088	ENVELOPE	Basic actions and technology	Person/Thing		n
3089	GIRAFFE	Animals	Person/Thing		n
3090	GUITAR	Speech and language	Person/Thing		n
3091	LEMON	Agriculture and vegetation	Person/Thing		n
3092	LIGHTER	Basic actions and technology	Person/Thing		n
3093	LIPSTICK	Clothing and grooming	Person/Thing		n
3094	PAINTBRUSH	Basic actions and technology	Person/Thing		n
3095	POSTMAN	Modern world	Person/Thing		n
3096	RACKET	Modern world	Person/Thing		n
3097	SEWING MACHINE	Modern world	Person/Thing		n
3098	SNOWMAN	Basic actions and technology	Person/Thing		n
3099	SOFA	The house	Person/Thing		n
3100	SUNGLASSES	Clothing and grooming	Person/Thing		n
3101	SWING	Basic actions and technology	Person/Thing		n
3102	TANK	Warfare and hunting	Person/Thing		n
3103	TENNIS BALL	Modern world	Person/Thing		n
3104	THERMOMETER	Basic actions and technology	Person/Thing		n
3105	UMBRELLA	Clothing and grooming	Person/Thing		n
3106	WARDROBE	The house	Person/Thing		n
3107	WHISTLE (INSTRUMENT)	Basic actions and technology	Person/Thing		n
3108	BOX (SOMEBODY OR SOMETHING)	Basic actions and technology	Action/Process		v
3109	BRUSH (TEETH)	Clothing and grooming	Action/Process		v
3110	CLAP	Motion	Action/Process		v
3111	CONDUCT	Speech and language	Action/Process		v
3112	ERUPT	The physical world	Action/Process		v
3113	FILE (SOMETHING)	Clothing and grooming	Action/Process		v
3114	GRATE (SOMETHING)	Basic actions and technology	Action/Process		v
3115	HAMMER (SOMETHING)	Basic actions and technology	Action/Process		v
3116	HATCH (OUT)	Animals	Action/Process		v
3117	HITCHHIKE	Motion	Action/Process		v
3118	IRON (CLOTHES)	Clothing and grooming	Action/Process		v
3119	MASSAGE (SOMEBODY)	Basic actions and technology	Action/Process		v
3120	MOP (SOMETHING)	Basic actions and technology	Action/Process		v
3121	OPERATE (MEDICINE)	The body	Action/Process		v
3122	PAINT (SOMETHING)	Basic actions and technology	Action/Process		v
3123	PHOTOGRAPH (SOMETHING)	Modern world	Action/Process		v
3124	PLAY (INSTRUMENT)	Speech and language	Action/Process		v
3125	PLAY (GAME)	Social and political relations	Action/Process		v
3126	POST (SOMETHING)	Basic actions and technology	Action/Process		v
3127	RAKE (SOMETHING)	Basic actions and technology	Action/Process		v
3128	SHOWER (ACTION)	Clothing and grooming	Action/Process		v
3129	SKATE	Motion	Action/Process		v
3130	SPILL (SOMETHING)	Motion	Action/Process		v
3131	SUNBATHE	The body	Action/Process		v
3132	SURF	Motion	Action/Process		v
3133	TALK (PHONE)	Speech and language	Action/Process		v
3134	TYPE (ON SOMETHING)	Modern world	Action/Process		v
3135	VACUUM (SOMETHING)	Modern world	Action/Process		v
3136	WATCH (TV)	Modern world	Action/Process		v
3137	OAR	Basic actions and technology	Person/Thing	i56672	n
3138	STRAWBERRY	Agriculture and vegetation	Person/Thing		n
3139	LADYBUG	Animals	Person/Thing		n
3140	VEST	Clothing and grooming	Person/Thing		n
3141	TAMBOURINE	Speech and language	Person/Thing		n
3142	BISON	Animals	Person/Thing		n
3143	POLAR BEAR	Animals	Person/Thing		n
3144	GORILLA	Animals	Person/Thing		n
3145	HIPPOPOTAMUS	Animals	Person/Thing		n
3146	CHEETAH	Animals	Person/Thing		n
3147	HAMSTER	Animals	Person/Thing		n
3148	MEERKAT	Animals	Person/Thing		n
3149	ARMLET	Clothing and grooming	Person/Thing		n
3150	BOX OR CHEST	Modern world	Person/Thing		n
3151	CUT (WITH AXE)	Basic actions and technology	Action/Process		v
3152	MUNTJACS	Animals	Person/Thing		n
3153	LORD	Social and political relations	Person/Thing		n
3154	WILD BOAR	Animals	Person/Thing		n
3155	DIBBLE STICK	Agriculture and vegetation	Person/Thing		n
3156	GEBANG PALM	Agriculture and vegetation	Person/Thing		n
3157	CIVET	Animals	Person/Thing		n
3158	RICE EAR BUG	Animals	Person/Thing		n
3159	BURDEN STICK	Basic actions and technology	Person/Thing		n
3160	SLAP	Basic actions and technology	Action/Process		v
3161	CHEW BETEL	Food and drink	Action/Process		v
3162	CROSS-COUSIN	Kinship	Person/Thing		n
3163	SQUAT	Motion	Action/Process		v
3164	ONE HUNDRED AND TWENTY THREE	Quantity	Number		a
3165	TWENTY THREE	Quantity	Number		a
3166	TWENTY TWO	Quantity	Number		a
3167	SERMON	Religion and belief	Person/Thing		n
3168	DOWRY	Social and political relations	Person/Thing		n
3169	TREATY	Social and political relations	Person/Thing		n
3170	BATHE (SOMEONE)	The body	Action/Process		v
3171	RINGWORM	The body	Person/Thing		n
3172	SCABIES	The body	Person/Thing		n
3173	TINEA	The body	Person/Thing		n
3174	WAKE UP (SOMEONE)	The body	Action/Process		v
3176	RACK (FOR STORING FOOD)	The house	Person/Thing		n
3177	BALE-BALE (RAISED PLATFORM IN HOUSE)	The house	Person/Thing		n
3178	RITUAL GROUND	The house	Person/Thing		n
3179	CORAL ROCK	The physical world	Person/Thing		n
3180	SHOOT (WITH SLINGSHOT)	Warfare and hunting	Action/Process		v
3181	MUSTARD	Food and drink	Person/Thing		n
3182	MARRIAGE OR WEDDING	Kinship	Person/Thing		n
3183	BREATH OR BREATHE	The body	Other		n
3184	BE ALIVE OR LIFE	The body	Other		n
3185	BE DEAD OR DIE OR KILL	The body	Other		n
3186	BE DEAD OR DEATH OR DIE	The body	Other		n
3187	DROWNED	The body	Property		a
3188	MIGHTY OR POWERFUL OR STRONG	Emotions and values	Property		a
3189	STAB TO DEATH	The body	Action/Process		v
3190	BROKEN (NOT WORKING)	Basic actions and technology	Property		a
3191	BROKEN (SHATTERED)	Basic actions and technology	Property		a
3192	BRONZE OR COPPER	The physical world	Person/Thing		n
3193	CROSSBOW	Warfare and hunting	Person/Thing		n
3194	PAINT (SOMETHING) OR PAINTING	Basic actions and technology	Action/Process		v
3195	DAMAGE OR INJURE	Possession	Action/Process		v
3196	BE LEFT	Spatial relations	Property		a
3197	SUSPICION	Cognition	Person/Thing		n
3198	NOTHING OR ZERO	Miscellaneous function words	Number		a
3199	TWIST (AROUND)	Motion	Action/Process		v
3200	COUNTRYSIDE	The physical world	Person/Thing		n
3201	HINDER OR PREVENT	Social and political relations	Action/Process		v
3202	CANNON	Warfare and hunting	Person/Thing		n
3203	CANNON OR GUN	Warfare and hunting	Person/Thing		n
3204	INSULT	Social and political relations	Action/Process		v
3205	GRAVEN IMAGE	Religion and belief	Person/Thing		n
3206	ELF OR FAIRY	Religion and belief	Person/Thing	i86797	n
3207	GO UP OR RISE (ONESELF)	Motion	Action/Process		v
3208	CENTER OR MIDDLE	Spatial relations	Person/Thing		n
3209	MAKE A SPEECH	Speech and language	Action/Process		v
3210	KNIFE (FOR EATING)	Food and drink	Person/Thing	i55422	n
3211	HOPE (FAITH)	Emotions and values	Person/Thing		n
3212	HOPE (SOMETHING)	Emotions and values	Action/Process	i30784	v
3213	HIRE OR RENT	Social and political relations	Action/Process		v
3215	CREEP	Motion	Action/Process		v
3217	TIN OR TINPLATE	Basic actions and technology	Person/Thing	i60293	n
3220	MATERNAL UNCLE	Kinship	Person/Thing		n
3221	PLANTAGO	Agriculture and vegetation	Person/Thing		n
3222	TWIG	Agriculture and vegetation	Person/Thing		n
3223	BRANCH OR TWIG	Agriculture and vegetation	Person/Thing		n
3224	WRING	Basic actions and technology	Action/Process		v
3228	BOW OR CROSSBOW	Warfare and hunting	Person/Thing		n
3230	DECEIVE	Cognition	Action/Process		v
3231	DEITY	Religion and belief	Person/Thing	i86570	n
3232	PELT	Clothing and grooming	Person/Thing		n
3233	SMALL KNIFE	Food and drink	Person/Thing		n
3234	OPEN (EYES)	Basic actions and technology	Action/Process		v
3235	OPEN (STATE)	Basic actions and technology	Property		a
3236	TWIST (TOGETHER)	Motion	Action/Process	i22435	v
3237	ALLOW OR PERMIT	Social and political relations	Action/Process		v
3238	ALLOW	Social and political relations	Action/Process		v
3239	AMUSE ONESELF (HAVE FUN)	Basic actions and technology	Action/Process		v
3240	BAMBOO MAT	Modern world	Person/Thing		n
3241	CORIANDER	Agriculture and vegetation	Person/Thing		n
3243	CYPRESS	Agriculture and vegetation	Person/Thing		n
3244	EAR (OF GRAIN)	Agriculture and vegetation	Person/Thing		n
3245	FROG (SMALL)	Animals	Person/Thing		n
3246	FRUIT (CLASSIFIER)	Quantity	Classifier		n
3247	KIWIFRUIT	Agriculture and vegetation	Person/Thing		n
3248	MAPLE TREE	Agriculture and vegetation	Person/Thing		n
3249	MATERNAL UNCLE (MOTHER'S OLDER BROTHER)	Kinship	Person/Thing		n
3250	MATERNAL UNCLE (MOTHER'S YOUNGER BROTHER)	Kinship	Person/Thing		n
3251	MOLD (GET ROTTEN)	Agriculture and vegetation	Person/Thing		n
3252	PANCREAS	The body	Person/Thing		n
3253	PRICKLY ASH	Agriculture and vegetation	Person/Thing		n
3254	YOUNG ANIMAL	Animals	Person/Thing		n
3255	POINT (POINTED END)	Spatial relations	Person/Thing		n
3256	BITTER BUCKWHEAT	Agriculture and vegetation	Person/Thing		n
3257	CLITORIS	The body	Person/Thing		n
3258	FALCON	Animals	Person/Thing		n
3259	GORAL	Animals	Person/Thing		n
3260	HORNBILL	Animals	Person/Thing		n
3261	HORNET	Animals	Person/Thing		n
3262	HORSEFLY	Animals	Person/Thing		n
3263	LAP	The body	Person/Thing		n
3264	TRIVET	Food and drink	Person/Thing		n
3265	FINGER MILLET	Agriculture and vegetation	Person/Thing		n
3266	FOXTAIL MILLET	Agriculture and vegetation	Person/Thing		n
3267	PULSE	The body	Person/Thing		n
3268	QUESTION	Speech and language	Person/Thing		n
3269	PORCH	The house	Person/Thing		n
3270	SEROW	Animals	Person/Thing		n
3271	FLYING SQUIRREL	Animals	Person/Thing		n
3272	TAKIN	Animals	Person/Thing		n
3273	TILL	Agriculture and vegetation	Action/Process		v
3274	ENCIRCLE	Basic actions and technology	Action/Process		v
3275	CLOUD OR FOG	The physical world	Person/Thing		n
3276	SUNSHINE	The physical world	Person/Thing		n
3277	FOUR DAYS FROM NOW	Time	Other		n
3278	FOUR DAYS BEFORE NOW	Time	Other		n
3279	MANTIS	Animals	Person/Thing		n
3280	TUSK	Animals	Person/Thing		n
3281	JOB'S TEARS	Agriculture and vegetation	Person/Thing		n
3282	GROOM	Kinship	Person/Thing		n
3283	CAGE	Animals	Person/Thing		n
3284	GRAVEYARD	The body	Person/Thing		n
3285	RICE FLOUR	Food and drink	Person/Thing		n
3286	LARGE BOWL	Food and drink	Person/Thing		n
3287	BLOOM	Agriculture and vegetation	Action/Process		v
3288	WEED	Agriculture and vegetation	Person/Thing		n
3289	UNCOOKED RICE	Food and drink	Person/Thing		n
3290	IMPEL	Motion	Action/Process		v
3291	DRIVE OR IMPEL OR RIDE	Motion	Action/Process		v
3292	THOU (HONORIFIC)	Kinship	Other		n
3293	YOU (HONORIFIC)	Kinship	Other		n
3294	BRAID (VERB) OR WEAVE (BASKET)	Basic actions and technology	Action/Process	i30117	v
3295	BRAID (VERB)	Basic actions and technology	Action/Process		v
3296	WEAVE (BASKET)	Basic actions and technology	Action/Process		v
3297	PRECIPICE OR SLOPE	The physical world	Person/Thing		n
3298	APE OR MONKEY	Animals	Person/Thing		n
3299	KIND	Emotions and values	Property		a
3300	POLITE	Emotions and values	Property		a
3301	BRAWL	Basic actions and technology	Action/Process		v
3302	QUARREL (VERB)	Social and political relations	Action/Process		v
3303	PICTURE (PAINTING)	Basic actions and technology	Person/Thing		n
3304	PICTURE (PHOTOGRAPH)	Modern world	Person/Thing		n
3305	INSIDE A HOUSE	The house	Other		n
3306	NAIL	Basic actions and technology	Action/Process		v
3307	HIT (A TARGET)	Basic actions and technology	Action/Process		v
3308	STRIKE (SOMEONE)	Basic actions and technology	Action/Process		v
3309	STRIKE (SOMETHING)	Basic actions and technology	Action/Process		v
3310	SHORE OR BANK	The physical world	Person/Thing		n
3311	FLOWING BODY OF WATER	The physical world	Person/Thing	i86262	n
3312	SHORT (TIME)	Time	Other		n
3313	JACKAL	Animals	Person/Thing		n
3314	LYNX	Animals	Person/Thing		n
3315	FLAX	Agriculture and vegetation	Person/Thing		n
3316	HOPS	Agriculture and vegetation	Person/Thing		n
3317	ELM	Agriculture and vegetation	Person/Thing		n
3318	OAR OR PADDLE	Basic actions and technology	Person/Thing		n
3319	JEW’S HARP	Speech and language	Person/Thing		n
3320	SNARE (TRAP)	Warfare and hunting	Person/Thing		n
3321	POND OR LAKE	The physical world	Person/Thing		n
3322	SNOW OR ICE	The physical world	Person/Thing		n
3323	MONSOON SEASON	Time	Person/Thing		n
3324	IRON OR METAL	Basic actions and technology	Person/Thing		n
3325	PEARL	Basic actions and technology	Person/Thing		n
3326	LEATHER OR HIDE	Basic actions and technology	Person/Thing		n
3327	AUTUMN OR HARVEST SEASON	Time	Other		n
3328	ORANGE (COLOR)	Sense perception	Property		a
3329	YEARLING (HORSE)	Animals	Person/Thing		n
3330	LENTILS	Food and drink	Person/Thing		n
3331	FASTING	Religion and belief	Action/Process		v
3332	PRIEST OR SHAMAN	Religion and belief	Person/Thing		n
3333	BELIEF (RELIGIOUS)	Religion and belief	Action/Process		v
3334	RITE	Religion and belief	Person/Thing		n
3335	SACRED GROVE	Religion and belief	Person/Thing		n
3336	FUNERAL	Religion and belief	Action/Process		v
3337	BURIAL MOUND	Religion and belief	Person/Thing		n
3338	LIBATE	Religion and belief	Action/Process		v
3339	POLAR STAR	The physical world	Person/Thing		n
3340	MORNING STAR	The physical world	Person/Thing		n
3341	EVENING STAR	The physical world	Person/Thing		n
3342	URSA MAJOR	The physical world	Person/Thing		n
3343	ORION’S BELT	The physical world	Person/Thing		n
3344	SIDE (BODY)	The body	Person/Thing		n
3345	ATOP OR UP	Spatial relations	Other		n
3346	TALL (PERSON)	Spatial relations	Property		a
3347	HIGH OR UP	Spatial relations	Other	i20602	r
3348	LOW (POSITION OR HEIGHT)	Spatial relations	Other		n
3349	WRISTWATCH	Time	Person/Thing		n
3350	GET UP FROM BED	Basic actions and technology	Action/Process		v
3351	STOP DOING	Basic actions and technology	Action/Process		v
3352	THIRD DAY OF THE MONTH	Time	Person/Thing		n
3353	SIEVE (TOOL)	Basic actions and technology	Person/Thing		n
3354	FIRST DAY OF THE MONTH	Time	Person/Thing		n
3355	SECOND DAY OF THE MONTH	Time	Person/Thing		n
3356	INCENSE	The house	Person/Thing		n
3357	CUPBOARD	The house	Person/Thing		n
3358	SPROUT (SHOOT)	Agriculture and vegetation	Person/Thing		n
3359	DRIP OR DROP SOMETHING	Motion	Action/Process		v
3360	BAMBOO BASKET	Basic actions and technology	Person/Thing		n
3361	OFFICIAL	Social and political relations	Person/Thing		n
3362	BOILED WATER	Food and drink	Person/Thing		n
3363	NOT HAVE	Basic actions and technology	Action/Process		v
3364	DRY IN SUN	Basic actions and technology	Action/Process		v
3365	QUICKLY	Basic actions and technology	Property		a
3366	PIMPLEFACE	Social and political relations	Person/Thing		n
3367	STUTTERER	Speech and language	Person/Thing		n
3368	POWDER	Modern world	Person/Thing		n
3369	PIGSTY	Animals	Person/Thing		n
3370	RELY ON	Social and political relations	Action/Process		v
3371	WASH (ONESELF)	Basic actions and technology	Action/Process		v
3372	GALL BLADDER	The body	Person/Thing		n
3373	HAN CHINESE	Social and political relations	Person/Thing		n
3374	TIBETAN	Social and political relations	Person/Thing		n
3375	PATIENT (SICK PERSON)	The body	Person/Thing		n
3376	ROBBER	Law	Person/Thing		n
3377	EMPEROR	Social and political relations	Person/Thing		n
3378	HORSE DUNG	Animals	Person/Thing		n
3379	PIG DUNG	Animals	Person/Thing		n
3380	HUNTING DOG	Warfare and hunting	Person/Thing		n
3381	SHEEP DUNG	Animals	Person/Thing		n
3382	PEACOCK	Animals	Person/Thing		n
3383	SCALD (BURN ONESELF WITH LIQUID)	The body	Action/Process		v
3384	WEASEL	Animals	Person/Thing		n
3385	ALUMINIUM	The physical world	Person/Thing		n
3386	SULPHUR	The physical world	Person/Thing		n
3387	MIDDLE FINGER	The body	Person/Thing		n
3388	PLACENTA	The body	Person/Thing		n
3389	MEASLES	The body	Person/Thing		n
3390	WILD RICE	Agriculture and vegetation	Person/Thing		n
3391	RICE STRAW	Agriculture and vegetation	Person/Thing		n
3392	MUER (FUNGUS)	Agriculture and vegetation	Person/Thing		n
3393	LEAN MEAT	Food and drink	Person/Thing		n
3394	SHEEP MEAT	Food and drink	Person/Thing		n
3395	SICHUAN PEPPER	Food and drink	Person/Thing		n
3396	BUILDING	The house	Person/Thing		n
3397	ROUNDWORM	Animals	Person/Thing		n
3398	GOURD OR MELON	Agriculture and vegetation	Person/Thing		n
3399	WAREHOUSE	Possession	Person/Thing		n
3400	COWSHED	Animals	Person/Thing		n
3401	HENHOUSE	Animals	Person/Thing		n
3402	SHEEPFOLD	Animals	Person/Thing		n
3403	HORSE BARN	Animals	Person/Thing		n
3404	TILE	The house	Person/Thing		n
3405	RULER	Basic actions and technology	Person/Thing		n
3406	MERCHANDISE	Possession	Person/Thing		n
3407	FILE (TOOL)	Basic actions and technology	Person/Thing		n
3408	PLANE (TOOL)	Basic actions and technology	Person/Thing		n
3409	EARTHEN JUG	Food and drink	Person/Thing		n
3410	OVER HERE	Spatial relations	Other		n
3411	OVER THERE	Spatial relations	Other		n
3412	WASP NEST	Animals	Person/Thing		n
3413	IN THIS WAY	Miscellaneous function words	Other		n
3414	IN THAT WAY	Miscellaneous function words	Other		n
3415	BALDHEAD	Social and political relations	Person/Thing		n
3416	EVERY (EACH)	Miscellaneous function words	Other		n
3417	EGG (CLASSIFIER)	Quantity	Classifier		n
3418	RIVER (CLASSIFIER)	Quantity	Classifier		n
3419	STONE (CLASSIFIER)	Quantity	Classifier		n
3420	STOREY (CLASSIFIER)	Quantity	Classifier		n
3421	SENTENCE (CLASSIFIER)	Quantity	Classifier		n
3422	SONG (CLASSIFIER)	Quantity	Classifier		n
3423	DRILL	Basic actions and technology	Person/Thing		n
3424	SHEATH	Basic actions and technology	Person/Thing		n
3425	JOKE	Speech and language	Person/Thing		n
3426	SURNAME	Kinship	Person/Thing		n
3427	DIRECTION	Spatial relations	Person/Thing		n
3428	WEAR (ON HEAD)	Clothing and grooming	Action/Process		v
3429	COMPARE	Basic actions and technology	Action/Process		v
3430	CELEBRATE NEW YEAR	Social and political relations	Action/Process		v
3431	RICE STEAMER	Food and drink	Person/Thing		n
3432	SHOULDER POLE	Basic actions and technology	Person/Thing		n
3433	AUTONYM (OF PEOPLE)	Social and political relations	Person/Thing		n
3434	WASH (CLOTHES)	Basic actions and technology	Action/Process		v
3435	COW DUNG	Animals	Person/Thing		n
3436	FAT MEAT	Food and drink	Person/Thing		n
3437	OPEN (MOUTH)	Basic actions and technology	Action/Process		v
3438	CARRY (WITH POLE ON SHOULDER)	Basic actions and technology	Action/Process		v
3439	WHITE (OF EGGS)	Food and drink	Person/Thing		n
3440	BROWN SUGAR	Food and drink	Person/Thing		n
3441	WHITE SUGAR	Food and drink	Person/Thing		n
3442	COTTON WOOL	Agriculture and vegetation	Person/Thing		n
3443	TOFU	Food and drink	Person/Thing		n
3444	WAX GOURD	Agriculture and vegetation	Person/Thing		n
3445	YARN	Clothing and grooming	Person/Thing		n
3446	PINK	Sense perception	Property		a
3447	BEGIN OR START	Time	Action/Process		v
3448	SIEVE OR STRAIN	Food and drink	Action/Process	i29023	v
3449	START	Time	Action/Process		v
3450	HOW MANY PIECES	Cognition	Other		n
3451	FEW PIECES	Cognition	Other		n
3452	MUCH	Cognition	Other		n
3453	MANY PIECES	Cognition	Other		n
3454	KISS (NOUN)	Emotions and values	Person/Thing		n
3455	COMMEND	Emotions and values	Action/Process		v
3456	CRAWL OR CREEP	Motion	Action/Process		v
3457	HEADBAND OR HEADDRESS	Clothing and grooming	Person/Thing	i54706	n
3458	SILENCE	Sense perception	Person/Thing		n
3459	PUT IN ORDER	Basic actions and technology	Action/Process		v
3460	BEACH	The physical world	Person/Thing		n
3461	GROW PLANTS	Agriculture and vegetation	Action/Process		v
3462	FLAX OR LINEN	Agriculture and vegetation	Person/Thing		n
3463	RIVERBANK	The physical world	Person/Thing		n
3464	SHORE OF LAKE	The physical world	Person/Thing		n
3465	SHORE OF SEA	The physical world	Person/Thing		n
3466	DANGEROUS	Emotions and values	Property		a
3467	HELP (ASSISTANCE)	Social and political relations	Person/Thing		n
3468	KINDNESS	Emotions and values	Person/Thing		n
3469	LEVEL	Quantity	Person/Thing		n
3470	LIAR	Social and political relations	Person/Thing		n
3471	OBLIGATION (DUTY)	Emotions and values	Person/Thing		n
3472	DANCE (MOVEMENT)	Motion	Person/Thing		n
3473	LONG (FOR SOMETHING)	Emotions and values	Action/Process		v
3474	BE THIRSTY	Food and drink	Action/Process		v
3475	SUFFICE	Quantity	Other		n
3476	TWENTY SIX	Quantity	Number		a
3477	TWENTY SEVEN	Quantity	Number		a
3478	TWENTY EIGHT	Quantity	Number		a
3479	TWENTY NINE	Quantity	Number		a
3480	THIRTY ONE	Quantity	Number		a
3481	THIRTY TWO	Quantity	Number		a
3482	THIRTY THREE	Quantity	Number		a
3483	THIRTY FOUR	Quantity	Number		a
3484	THIRTY FIVE	Quantity	Number		a
3485	THIRTY SIX	Quantity	Number		a
3486	THIRTY SEVEN	Quantity	Number		a
3487	THIRTY EIGHT	Quantity	Number		a
3488	THIRTY NINE	Quantity	Number		a
3489	FORTY THREE	Quantity	Number		a
3490	FORTY FOUR	Quantity	Number		a
3491	FORTY FIVE	Quantity	Number		a
3492	FORTY EIGHT	Quantity	Number		a
3493	FIFTY THREE	Quantity	Number		a
3494	FIFTY FIVE	Quantity	Number		a
3495	SIXTY THREE	Quantity	Number		a
3496	SEVENTY TWO	Quantity	Number		a
3497	SEVENTY THREE	Quantity	Number		a
3498	EIGHTY THREE	Quantity	Number		a
3499	NINETY ONE	Quantity	Number		a
3500	NINETY SIX	Quantity	Number		a
3501	NINETY NINE	Quantity	Number		a
3502	ONE HUNDRED AND ONE	Quantity	Number		a
3503	ONE HUNDRED AND TEN	Quantity	Number		a
3504	ONE HUNDRED AND TWENTY	Quantity	Number		a
3505	ONE HUNDRED AND THIRTY THREE	Quantity	Number		a
3506	ONE HUNDRED AND FORTY	Quantity	Number		a
3507	ONE HUNDRED AND FORTY FOUR	Quantity	Number		a
3508	ONE HUNDRED AND FIFTY	Quantity	Number		a
3509	ONE HUNDRED AND SIXTY	Quantity	Number		a
3510	ONE HUNDRED AND EIGHTY	Quantity	Number		a
3511	TWO HUNDRED AND ONE	Quantity	Number		a
3512	TWO HUNDRED AND SIXTEEN	Quantity	Number		a
3513	THREE HUNDRED	Quantity	Number		a
3514	THREE HUNDRED AND NINETY NINE	Quantity	Number		a
3515	FOUR HUNDRED	Quantity	Number		a
3516	FIVE HUNDRED	Quantity	Number		a
3517	SIX HUNDRED	Quantity	Number		a
3518	SEVEN HUNDRED	Quantity	Number		a
3519	EIGHT HUNDRED	Quantity	Number		a
3520	NINE HUNDRED	Quantity	Number		a
3521	NINE HUNDRED AND NINETY NINE	Quantity	Number		a
3522	ONE THOUSAND TWO HUNDRED AND TWENTY ONE	Quantity	Number		a
3523	ONE THOUSAND TWO HUNDRED AND NINETY SIX	Quantity	Number		a
3524	TWO THOUSAND	Quantity	Number		a
3525	THREE THOUSAND	Quantity	Number		a
3526	FOUR THOUSAND	Quantity	Number		a
3527	FIVE THOUSAND	Quantity	Number		a
3528	SEVEN THOUSAND	Quantity	Number		a
3529	SEVEN THOUSAND SEVEN HUNDRED AND SEVENTY SIX	Quantity	Number		a
3530	NINE THOUSAND	Quantity	Number		a
3531	FORTY SIX THOUSAND SIX HUNDRED AND FIFTY SIX	Quantity	Number		a
3532	ONE HUNDRED THOUSAND	Quantity	Number		a
3533	ONE MILLION	Quantity	Number		a
3534	BEG	Speech and language	Action/Process		v
3535	BE DEFEATED	Social and political relations	Action/Process		v
3536	DOUBT (SOMETHING)	Cognition	Action/Process		v
3537	TURN OVER	Basic actions and technology	Action/Process		v
3538	TAKE OFF	Basic actions and technology	Action/Process		v
3539	BURN LAND	Agriculture and vegetation	Action/Process		v
3540	STRAW RAINCOAT	Clothing and grooming	Person/Thing		n
3541	HARVEST OR HARVEST SEASON	Agriculture and vegetation	Person/Thing		n
3542	PREPARED FOOD	Food and drink	Person/Thing	i76560	n
3543	SAW (SOMETHING)	Basic actions and technology	Action/Process		v
3544	WAVE (VERB)	Basic actions and technology	Action/Process		v
3545	WATERY	Food and drink	Property		a
3546	HORSE MANE	Animals	Person/Thing		n
3547	CLOSE (MOUTH)	The body	Action/Process		v
3548	PULL UP WEEDS	Agriculture and vegetation	Action/Process		v
3549	BIRD NEST	Animals	Person/Thing		n
3550	PATCH	Basic actions and technology	Action/Process		v
3551	FETCH	Motion	Action/Process		v
3552	GREET	Speech and language	Action/Process		v
3553	HELLO	Speech and language	Person/Thing		n
3554	GOODBYE	Speech and language	Person/Thing		n
3555	COME HERE	Speech and language	Other		n
3556	FORTY ONE	Quantity	Number		a
3557	FORTY TWO	Quantity	Number		a
3558	FORTY SIX	Quantity	Number		a
3559	FORTY SEVEN	Quantity	Number		a
3560	FORTY NINE	Quantity	Number		a
3561	FIFTY ONE	Quantity	Number		a
3562	FIFTY TWO	Quantity	Number		a
3563	FIFTY FOUR	Quantity	Number		a
3564	FIFTY SIX	Quantity	Number		a
3565	FIFTY SEVEN	Quantity	Number		a
3566	FIFTY EIGHT	Quantity	Number		a
3567	FIFTY NINE	Quantity	Number		a
3568	SIXTY ONE	Quantity	Number		a
3569	SIXTY TWO	Quantity	Number		a
3570	SIXTY FOUR	Quantity	Number		a
3571	SIXTY FIVE	Quantity	Number		a
3572	SIXTY SIX	Quantity	Number		a
3573	SIXTY SEVEN	Quantity	Number		a
3574	SIXTY EIGHT	Quantity	Number		a
3575	SIXTY NINE	Quantity	Number		a
3576	SEVENTY ONE	Quantity	Number		a
3577	SEVENTY FOUR	Quantity	Number		a
3578	SEVENTY FIVE	Quantity	Number		a
3579	SEVENTY SIX	Quantity	Number		a
3580	SEVENTY SEVEN	Quantity	Number		a
3581	SEVENTY EIGHT	Quantity	Number		a
3582	SEVENTY NINE	Quantity	Number		a
3583	EIGHTY ONE	Quantity	Number		a
3584	EIGHTY TWO	Quantity	Number		a
3585	EIGHTY FOUR	Quantity	Number		a
3586	EIGHTY FIVE	Quantity	Number		a
3587	EIGHTY SIX	Quantity	Number		a
3588	EIGHTY SEVEN	Quantity	Number		a
3589	EIGHTY EIGHT	Quantity	Number		a
3590	EIGHTY NINE	Quantity	Number		a
3591	NINETY TWO	Quantity	Number		a
3592	NINETY THREE	Quantity	Number		a
3593	NINETY FOUR	Quantity	Number		a
3594	NINETY FIVE	Quantity	Number		a
3595	NINETY SEVEN	Quantity	Number		a
3596	NINETY EIGHT	Quantity	Number		a
3597	TEN MILLION	Quantity	Number		a
3598	ONE HUNDRED MILLION	Quantity	Number		a
3599	BILLION	Quantity	Number		a
3600	TEN BILLION	Quantity	Number		a
3601	ONE HUNDRED BILLION	Quantity	Number		a
3602	TRILLION	Quantity	Number		a
3603	EARTH OR LAND	The physical world	Person/Thing		n
3604	LIGHT BLUE	Sense perception	Property		a
3605	LIGHT GREEN	Sense perception	Property		a
3606	STURGEON	Animals	Person/Thing		n
3607	MOCCASIN	Clothing and grooming	Person/Thing		n
3608	WARRIOR	Social and political relations	Person/Thing		n
3609	TOWN OR VILLAGE	Social and political relations	Person/Thing		n
3610	MALLARD	Animals	Person/Thing		n
3611	AMERICAN BLACK BEAR	Animals	Person/Thing		n
3612	INDIGENOUS PEOPLES OF THE AMERICAS	Social and political relations	Person/Thing		n
3613	LOWER BACK	The body	Person/Thing		n
3614	PANT	The body	Action/Process		v
3615	BLEED	The body	Action/Process		v
3616	FAINT (PASS OUT)	The body	Action/Process		v
3617	STUMBLE	Motion	Action/Process		v
3618	STAMP	Motion	Action/Process		v
3619	LEAN	Basic actions and technology	Action/Process		v
3620	SLEEPY	The body	Property		a
3621	DISABLED PERSON	The body	Person/Thing		n
3622	BURN (INJURY)	The body	Person/Thing		n
3623	INTESTINAL WORM	Animals	Person/Thing		n
3624	LEPROSY	The body	Person/Thing		n
3625	HEADACHE	The body	Person/Thing		n
3626	KNOW	Cognition	Action/Process		v
3627	SURPRISE (SOMEBODY)	Emotions and values	Action/Process		v
3628	HONOR (SOMEBODY)	Social and political relations	Action/Process		v
3629	HESITATE	Cognition	Action/Process		v
3630	PLAN	Cognition	Person/Thing		n
3631	PRETEND	Cognition	Action/Process		v
3632	GENEROUS	Emotions and values	Property		a
3633	CURIOUS	Emotions and values	Property		a
3634	STUBBORN	Emotions and values	Property		a
3635	ADULT	Kinship	Person/Thing		n
3636	CO-WIFE	Kinship	Person/Thing		n
3637	WEAVER	Basic actions and technology	Person/Thing		n
3638	ASSEMBLE (GET TOGETHER)	Social and political relations	Action/Process		v
3639	AVOID	Social and political relations	Action/Process		v
3640	GOSSIP	Social and political relations	Action/Process		v
3641	SLANDER	Social and political relations	Action/Process		v
3642	COMPLAIN	Speech and language	Action/Process		v
3643	AGREE	Speech and language	Action/Process		v
3644	AGREEMENT	Cognition	Person/Thing		n
3645	PERSUADE	Speech and language	Action/Process		v
3646	PROVERB	Speech and language	Person/Thing		n
3647	TICKLE (SOMEBODY)	The body	Action/Process		v
3648	SERVE (SOMEONE)	Social and political relations	Action/Process		v
3649	PUNISH	Law	Action/Process		v
3650	APPLY (OINTMENT)	The body	Action/Process		v
3651	MUSH (FOOD)	Food and drink	Person/Thing		n
3652	FERMENT	The physical world	Action/Process		v
3653	COOKING POT	Food and drink	Person/Thing		n
3654	TAKE OUT	Spatial relations	Action/Process		v
3655	STORE UP	Possession	Action/Process		v
3656	PACK	Basic actions and technology	Action/Process		v
3657	GRANARY	Agriculture and vegetation	Person/Thing		n
3658	BELLOWS	Basic actions and technology	Person/Thing		n
3659	POLISH (SOMETHING)	Basic actions and technology	Action/Process		v
3660	SHELL (SOMETHING)	Food and drink	Action/Process		v
3661	RICH PERSON	Possession	Person/Thing		n
3662	POOR PERSON	Possession	Person/Thing		n
3663	COWRIE SHELL	Possession	Person/Thing		n
3664	INHERIT	Possession	Action/Process		v
3665	TRAVEL	Motion	Action/Process		v
3666	WANDER	Motion	Action/Process		v
3667	LOST	Basic actions and technology	Property		a
3668	PADDLE (MOVEMENT)	Motion	Action/Process		v
3669	LOAD (SOMETHING)	Basic actions and technology	Action/Process		v
3670	PLUNDER	Law	Action/Process		v
3671	HUM	Speech and language	Action/Process		v
3672	DIVORCE (SEPARATE)	Kinship	Action/Process		v
3673	MOURNING	Emotions and values	Person/Thing		n
3674	ANTELOPE	Animals	Person/Thing		n
3675	ZEBRA	Animals	Person/Thing		n
3676	SHREW	Animals	Person/Thing		n
3677	MONGOOSE	Animals	Person/Thing		n
3678	ELEPHANT TRUNK	Animals	Person/Thing		n
3679	GROWL	Animals	Action/Process		v
3680	RUMINATE	Animals	Action/Process		v
3681	PARTRIDGE	Animals	Person/Thing		n
3682	PERCH (OF BIRD)	Animals	Action/Process		v
3683	CACKLE	Animals	Action/Process		v
3684	PECK	Animals	Action/Process		v
3685	HISS	Speech and language	Action/Process		v
3686	CORN HUSK	Agriculture and vegetation	Person/Thing		n
3687	DESERT	The physical world	Person/Thing		n
3688	MARSH	The physical world	Person/Thing		n
3689	BUBBLE	The physical world	Person/Thing		n
3690	FULL MOON	The physical world	Person/Thing		n
3691	NEW MOON	The physical world	Person/Thing		n
3692	SQUEAK	The physical world	Action/Process		v
3693	HOT WEATHER	The physical world	Person/Thing		n
3694	COLD WEATHER	The physical world	Person/Thing		n
3695	MOVEMENT	Motion	Person/Thing		n
3696	THROW AWAY	Possession	Action/Process		v
3697	DIP	Basic actions and technology	Action/Process		v
3698	SINGE	Speech and language	Action/Process		v
3699	CONTINUE	Basic actions and technology	Action/Process		v
3700	LENGTHEN	Spatial relations	Action/Process		v
3701	HOLLOW	Spatial relations	Property		a
3702	SLIPPERY	Sense perception	Property		a
3703	STICKY	Sense perception	Property		a
3704	ODOR (SMELL)	Sense perception	Person/Thing		n
3705	SCATTER	Basic actions and technology	Action/Process		v
3706	DARK YELLOW	Sense perception	Property		a
3707	BEIGE	Sense perception	Property		a
3708	FEELING SORE	Sense perception	Property		a
3709	BRILLIANT	Sense perception	Property		a
3710	CLEAR (TO SEE)	Sense perception	Property		a
3711	TIE (NOUN)	Clothing and grooming	Person/Thing		n
3712	RAINCOAT	Clothing and grooming	Person/Thing		n
3713	PHARYNX	The body	Person/Thing		n
3714	LARYNX	The body	Person/Thing		n
3715	BELLYBUTTON	The body	Person/Thing		n
3716	OVARY	The body	Person/Thing		n
3717	BADGER	Animals	Person/Thing		n
3718	GUINEA PIG	Animals	Person/Thing		n
3719	MARMOT	Animals	Person/Thing		n
3720	BUDGERIGAR	Animals	Person/Thing		n
3721	FINCH	Animals	Person/Thing		n
3722	FLAMINGO	Animals	Person/Thing		n
3723	NIGHTINGALE	Animals	Person/Thing		n
3724	STORK	Animals	Person/Thing		n
3725	AVOCADO	Agriculture and vegetation	Person/Thing		n
3726	BROCCOLI	Agriculture and vegetation	Person/Thing		n
3727	CELERY	Agriculture and vegetation	Person/Thing		n
3728	COURGETTE	Agriculture and vegetation	Person/Thing		n
3729	LETTUCE	Agriculture and vegetation	Person/Thing		n
3730	APRICOT	Agriculture and vegetation	Person/Thing		n
3731	LYCHEE	Agriculture and vegetation	Person/Thing		n
3732	POMEGRANATE	Agriculture and vegetation	Person/Thing		n
3733	FERRY	Modern world	Person/Thing		n
3734	CHIMPANZEE	Animals	Person/Thing		n
3735	NEAR (IN SPACE)	Spatial relations	Property		a
3736	INSTEP	The body	Person/Thing		n
3737	BAREFOOT	Clothing and grooming	Property		a
3738	GRIZZLY BEAR	Animals	Person/Thing		n
3739	MARTEN	Animals	Person/Thing		n
3740	WHIRLWIND	The physical world	Person/Thing		n
3741	BATTLE CRY (WAR WHOOP)	Speech and language	Person/Thing		n
3742	POCKETKNIFE	Basic actions and technology	Person/Thing		n
3743	BRASS	Basic actions and technology	Person/Thing		n
3744	INTERPRETER	Social and political relations	Person/Thing		n
3745	CRANE (DEVICE)	Modern world	Person/Thing		n
3746	VASE	Modern world	Person/Thing		n
3747	SHAPE	Sense perception	Person/Thing		n
3748	DROP (OF A LIQUID)	The physical world	Person/Thing		n
3749	HATE (LOATHING)	Emotions and values	Person/Thing		n
3750	KHAKI	Sense perception	Property		a
3751	BRIGHT YELLOW	Sense perception	Property		a
3752	LILAC	Sense perception	Property		a
3753	MAGENTA	Sense perception	Property		a
3754	TRANSPARENT	Sense perception	Property		a
3755	MOUNTAINOUS	The physical world	Property		a
3756	FLORAL	Agriculture and vegetation	Property		a
3757	MUGGY	The physical world	Property		a
3758	WINDY	The physical world	Property		a
3759	FOGGY	The physical world	Property		a
3760	THUNDERY	The physical world	Property		a
3761	EMOTIONAL	Emotions and values	Property		a
3762	SAFE	Emotions and values	Property		a
3763	PATERNAL UNCLE	Kinship	Person/Thing		n
3764	BAD OR EVIL	Emotions and values	Property		a
3765	STORING POT	Food and drink	Person/Thing		n
3766	WATER POT	Food and drink	Person/Thing		n
3767	RICE SEEDLING	Agriculture and vegetation	Person/Thing		n
3768	POUND (FOOD)	Motion	Action/Process		v
3769	GRAPEVINE	Agriculture and vegetation	Person/Thing		n
3770	ONE HUNDRED AND TWO	Quantity	Number		a
3771	ONE HUNDRED AND ELEVEN	Quantity	Number		a
3772	TWO HUNDRED AND TEN	Quantity	Number		a
3773	ONE THOUSAND AND ONE	Quantity	Number		a
3774	ONE THOUSAND AND TWO	Quantity	Number		a
3775	ONE THOUSAND AND SIXTY	Quantity	Number		a
3776	TWO THOUSAND AND TWO	Quantity	Number		a
3777	CATFISH	Animals	Person/Thing		n
3778	DAUGHTER (OF MALE EGO)	Kinship	Person/Thing		n
3779	SON (OF MALE EGO)	Kinship	Person/Thing		n
3780	PET	Animals	Person/Thing		n
3781	SISTER-IN-LAW (OF FEMALE EGO)	Kinship	Person/Thing		n
3782	GRANDCHILD (OF FEMALE EGO)	Kinship	Person/Thing		n
3783	ONE HUNDRED AND THREE	Quantity	Number		a
3784	ONE HUNDRED AND EIGHT	Quantity	Number		a
3785	TWO HUNDRED AND TWO	Quantity	Number		a
3786	TWO HUNDRED AND THIRTY ONE	Quantity	Number		a
3787	TWO HUNDRED AND FORTY	Quantity	Number		a
3788	TWO HUNDRED AND FIFTY	Quantity	Number		a
3789	THREE HUNDRED AND FOUR	Quantity	Number		a
3790	ONE THOUSAND AND TWENTY SEVEN	Quantity	Number		a
3791	ONE THOUSAND TWO HUNDRED	Quantity	Number		a
3792	SIX THOUSAND	Quantity	Number		a
3793	EIGHT THOUSAND	Quantity	Number		a
3794	TWO MILLION	Quantity	Number		a
3795	DARK GREEN	Sense perception	Property		a
3796	ALBATROSS	Animals	Person/Thing		n
3797	OSTRICH	Animals	Person/Thing		n
3798	STINGER	The body	Person/Thing		n
3799	FISHBONE	The body	Person/Thing		n
3800	IVORY	The physical world	Person/Thing		n
3801	DATE (FRUIT)	Agriculture and vegetation	Person/Thing		n
3802	FERN	Agriculture and vegetation	Person/Thing		n
3803	RASPBERRY	Agriculture and vegetation	Person/Thing		n
3804	GRAPEFRUIT OR POMELO	Agriculture and vegetation	Person/Thing		n
3805	SHY OR ASHAMED	Emotions and values	Property		a
3806	RIPE OR COOKED	Food and drink	Property		a
3807	EYEBALL	The body	Person/Thing		n
3808	JUNGLE	The physical world	Person/Thing		n
3809	SCREAM (PRODUCE A CRY)	Speech and language	Action/Process		v
3810	BOULDER	The physical world	Person/Thing		n
3811	MIRITI PALM	Agriculture and vegetation	Person/Thing		n
3812	COWARDLY	Emotions and values	Property		a
3813	DISOBEDIENT	Emotions and values	Property		a
3814	HANDSOME	Emotions and values	Property		a
3815	ALMOND	Agriculture and vegetation	Person/Thing		n
3816	WAXING MOON	The physical world	Person/Thing		n
3817	WANING MOON	The physical world	Person/Thing		n
3818	HOT (FEELING HOT)	Sense perception	Property		a
3819	COLD (FEELING COLD)	Sense perception	Property		a
3820	CALM (OF SEA)	The physical world	Property		a
3821	BROOK	The physical world	Person/Thing		n
3822	MALE COUSIN	Kinship	Person/Thing		n
3823	FEMALE COUSIN	Kinship	Person/Thing		n
3824	HINNY	Animals	Person/Thing		n
3825	MALE CAT	Animals	Person/Thing		n
3826	ROE DEER	Animals	Person/Thing		n
3827	PREGNANT (OF ANIMALS)	Animals	Property		a
3828	HEALTHINESS	The body	Person/Thing		n
3829	DINNER (MAIN MEAL)	Food and drink	Person/Thing		n
3830	WALL	Basic actions and technology	Person/Thing	i60930	n
3831	RENT (SOMETHING)	Possession	Action/Process		v
3832	PUT (IN A SITTING POSITION)	Motion	Action/Process		v
3833	PUT (IN A STANDING POSITION)	Motion	Action/Process		v
3834	LOVE (AFFECTION)	Emotions and values	Person/Thing		n
3835	BE CALLED BY NAME	Speech and language	Property		a
3836	HALF (HALF OF)	Quantity	Property		a
3837	ASTRINGENT	Food and drink	Property		a
3838	HANDSPAN	The body	Person/Thing		n
3839	BROAD BEAN	Agriculture and vegetation	Person/Thing		n
3840	CRANBERRY	Agriculture and vegetation	Person/Thing		n
3841	WINDMILL	Basic actions and technology	Person/Thing		n
3842	ONE THIRD	Quantity	Person/Thing		n
3843	BUT	Miscellaneous function words	Other		n
3844	CONTEMPT	Emotions and values	Person/Thing		n
3845	DISAPPOINTMENT	Emotions and values	Person/Thing		n
3846	EXCITEMENT	Emotions and values	Person/Thing		n
3847	INTEREST (FEELING)	Emotions and values	Person/Thing		n
3848	SURPRISE (FEELING)	Emotions and values	Person/Thing		n
3849	TRIUMPH	Emotions and values	Person/Thing		n
3850	AMUSEMENT	Emotions and values	Person/Thing		n
3851	AWE	Emotions and values	Person/Thing		n
3852	CONCENTRATION	Emotions and values	Person/Thing		n
3853	CONFUSION	Emotions and values	Person/Thing		n
3854	SADNESS	Emotions and values	Person/Thing		n
3855	ITCH (CAUSE ITCHING OR FEEL ITCHY)	The body	Action/Process		v
3856	ITCH OR ITCHY OR ITCHING	The body	Other		n
3857	EGGSHELL	Animals	Person/Thing		n
3858	CONFUSED	Cognition	Property		a
3859	MIDWIFE	Social and political relations	Person/Thing		n
3860	POSSESSIONS	Possession	Person/Thing		n
3861	FAIL	Basic actions and technology	Action/Process		v
3862	HEAR OR LISTEN	Sense perception	Action/Process		v
3863	OTHER OR SOME	Miscellaneous function words	Other		n
3864	HURT OR PAIN	The body	Other		n
3865	BARK OR SHELL	Animals	Other		n
3866	ABORTION	The body	Person/Thing		n
3867	ALCOHOLIC (PERSON)	The body	Person/Thing		n
3868	ALLERGY	The body	Person/Thing		n
3869	ANXIOUS	Emotions and values	Property		a
3870	RUSTY	The physical world	Property		a
3871	MURDERER	Social and political relations	Person/Thing		n
3872	BLOND	The body	Property		a
3873	CHOCOLATE	Food and drink	Person/Thing		n
3874	KNOWLEDGE	Cognition	Person/Thing		n
3875	CRIMINAL	Social and political relations	Person/Thing		n
3876	DENTIST	The body	Person/Thing		n
3877	DEPRESSION	Emotions and values	Person/Thing		n
3878	DIAMOND	The physical world	Person/Thing		n
3879	IMAGINE	Cognition	Action/Process		v
3880	FIGHT (COMBAT)	Basic actions and technology	Person/Thing		n
3881	PISTOL	Warfare and hunting	Person/Thing		n
3882	ROSE	Agriculture and vegetation	Person/Thing		n
3883	NOISY	Sense perception	Property		a
3884	PATIENT	Emotions and values	Property		a
3885	IMPATIENT	Emotions and values	Property		a
3886	TARANTULA	The physical world	Person/Thing		n
3887	NOBODY	Quantity	Other		n
3888	SKUNK	The physical world	Person/Thing		n
3889	CUT OR HACK	Basic actions and technology	Action/Process		v
3890	NEPHEW OR NIECE	Kinship	Person/Thing		n
3891	EARHOLE	The body	Person/Thing		n
3892	ACQUIRE (SOMETHING)	Possession	Action/Process		v
3893	AFFORD	Possession	Action/Process		v
3894	ATTACH	Basic actions and technology	Action/Process		v
3895	DETECT	Cognition	Action/Process		v
3896	ROAR	Speech and language	Action/Process		v
3897	NATURE	Agriculture and vegetation	Person/Thing		n
3898	ACCEPT	Basic actions and technology	Action/Process		v
3899	ATTACKING	Warfare and hunting	Action/Process		v
3900	CLUMSY	Motion	Property		a
3901	TAMING	Animals	Action/Process		v
3902	TRUST (SOMEBODY)	Social and political relations	Action/Process		v
3903	SYMPATHIZE	Social and political relations	Action/Process		v
3904	ENCOUNTER (MEET)	Social and political relations	Action/Process		v
3905	FATHER (OF A WOMAN)	Kinship	Person/Thing		n
3906	FATHER (OF A MAN)	Kinship	Person/Thing		n
3907	MOTHER (OF A WOMAN)	Kinship	Person/Thing		n
3908	MOTHER (OF A MAN)	Kinship	Person/Thing		n
3909	GRANDCHILD (SON'S OFFSPRING)	Kinship	Person/Thing		n
3910	STEPCHILD	Kinship	Person/Thing		n
3911	COW MILK	Food and drink	Person/Thing		n
3912	BREAST MILK	The body	Person/Thing		n
3913	COUGH (ACT OF COUGHING)	Basic actions and technology	Person/Thing		n
3914	TURQUOISE	Sense perception	Property		a
3915	PRIDE	Emotions and values	Person/Thing		n
3916	PLEASURE	Emotions and values	Person/Thing		n
3917	DEVIL	Religion and belief	Person/Thing		n
3918	CALABASH	Agriculture and vegetation	Person/Thing		n
3919	PEACH PALM	Agriculture and vegetation	Person/Thing		n
3920	GENIPA	Agriculture and vegetation	Person/Thing		n
3921	TINAMOU	Animals	Person/Thing		n
3922	PACU	Animals	Person/Thing		n
3923	FEMALE ANIMAL	Animals	Person/Thing		n
3924	MALE ANIMAL	Animals	Person/Thing		n
3925	BABASSU PALM	Agriculture and vegetation	Person/Thing		n
3926	BABY CARRIER	Basic actions and technology	Person/Thing		n
3927	BLUE-AND-YELLOW MACAW	Animals	Person/Thing		n
3928	BRAZIL NUT	Agriculture and vegetation	Person/Thing		n
3929	BRAZILIAN CEDAR	Agriculture and vegetation	Person/Thing		n
3930	DAUGHTER (OF WOMAN)	Kinship	Person/Thing		n
3931	CECROPIA	Agriculture and vegetation	Person/Thing		n
3932	GRIDIRON	Basic actions and technology	Person/Thing		n
3933	HOPLIAS (GENUS)	Animals	Person/Thing		n
3934	INGA (GENUS)	Agriculture and vegetation	Person/Thing		n
3935	LARGE-BULLET-ANT	Animals	Person/Thing		n
3936	MOUNTAIN SOURSOP (Annona montana)	Agriculture and vegetation	Person/Thing		n
3937	PIUM (SIMULIIDAE)	Animals	Person/Thing		n
3938	RED-AND-GREEN MACAW	Animals	Person/Thing		n
3939	SON OF WOMAN	Kinship	Person/Thing		n
3940	TAPIOCA	Food and drink	Person/Thing		n
3941	TAYRA (EIRA BARBARA)	Animals	Person/Thing		n
3942	WAX	Animals	Person/Thing		n
3943	WRISTBAND	Clothing and grooming	Person/Thing		n
3944	LOWER LIP	The body	Person/Thing		n
3945	ORION'S CONSTELLATION	The physical world	Person/Thing		n
3946	BABY SLING	Clothing and grooming	Person/Thing		n
3947	HONEYCOMB	Animals	Person/Thing		n
3948	SHOTGUN	Warfare and hunting	Person/Thing		n
3949	RED-FOOTED TORTOISE	Animals	Person/Thing		n
3950	LIBER (INNER BARK)	Agriculture and vegetation	Person/Thing		n
3951	PANDA	Animals	Person/Thing		n
3952	REFRIGERATOR	Modern world	Person/Thing		n
3953	CHARITY	Social and political relations	Person/Thing		n
3954	FRIENDSHIP	Social and political relations	Person/Thing		n
3955	HOSTILITY	Emotions and values	Person/Thing		n
3956	DISPUTE	Social and political relations	Person/Thing		n
3957	SYSTEM	Cognition	Person/Thing		n
3958	SOCIETY	Social and political relations	Person/Thing		n
3959	RELATIONSHIP	Cognition	Person/Thing		n
3960	IDENTITY	Cognition	Person/Thing		n
3961	TEAM	Social and political relations	Person/Thing		n
3962	DISCIPLINE	Emotions and values	Person/Thing		n
3963	SCENERY	The physical world	Person/Thing		n
3964	SPLENDOR	Emotions and values	Person/Thing		n
3965	TRAUMA	Emotions and values	Person/Thing		n
3966	CONCEPT	Cognition	Person/Thing		n
3967	CONTENT	Cognition	Person/Thing		n
3968	EFFECT	Cognition	Person/Thing		n
3969	RESULT	Basic actions and technology	Person/Thing		n
3970	PROCESS	Basic actions and technology	Person/Thing		n
3971	METHOD	Modern world	Person/Thing		n
3972	EXCITED	Emotions and values	Property		a
3973	DEPRESSED	Emotions and values	Property		a
3974	UNHAPPY	Emotions and values	Property		a
3975	NERVOUS	Emotions and values	Property		a
3976	EXPLODE	Basic actions and technology	Action/Process		v
3977	SHINY	Sense perception	Property		a
3978	COMPANION	Social and political relations	Person/Thing		n
3979	TADPOLE	Animals	Person/Thing		n
3980	GET DRUNK	Basic actions and technology	Action/Process		v
3981	GUAVA	The physical world	Person/Thing		n
3982	BREEZE	The physical world	Person/Thing		n
3983	RED DEER	Animals	Person/Thing		n
3984	THESE (PLURAL OF THIS)	Miscellaneous function words	Other		n
3985	THOSE (PLURAL OF THAT)	Miscellaneous function words	Other		n
3986	COLLAPSE	Basic actions and technology	Action/Process		v
3987	HOARSE	Sense perception	Property		a
3988	PLATEAU	The physical world	Person/Thing		n
3989	AGAVE	Agriculture and vegetation	Person/Thing		n
3990	LAWN	The physical world	Person/Thing		n
3991	TORTILLA	Food and drink	Person/Thing		n
3992	SARDINE	Animals	Person/Thing		n
3993	JINGLE (INSTRUMENT)	Speech and language	Person/Thing		n
3994	PIANO (INSTRUMENT)	Speech and language	Person/Thing		n
3995	AMAZONIAN MANATEE	Animals	Person/Thing		n
3996	TOP (TOY)	The physical world	Person/Thing		n
3997	ARTICHOKE	Agriculture and vegetation	Person/Thing		n
3998	IRONING BOARD	Modern world	Person/Thing		n
3999	ROCKING CHAIR	The house	Person/Thing		n
4000	LIGHTBULB	The house	Person/Thing		n
4001	LIGHT SWITCH	The house	Person/Thing		n
4002	ROLLING PIN	Food and drink	Person/Thing		n
4003	PLIERS	Basic actions and technology	Person/Thing		n
4004	RECORD PLAYER	Modern world	Person/Thing		n
4005	SUITCASE	Basic actions and technology	Person/Thing		n
4006	ROBOT	Modern world	Person/Thing		n
4007	WALRUS	Animals	Person/Thing		n
4008	SANDWICH	Food and drink	Person/Thing		n
4009	SPINNING WHEEL	Basic actions and technology	Person/Thing		n
4010	TOASTER	Modern world	Person/Thing		n
4011	TRUCK	Modern world	Person/Thing		n
4012	TELESCOPE	Basic actions and technology	Person/Thing		n
4013	AMBULANCE	Modern world	Person/Thing		n
4014	MICROPHONE	Modern world	Person/Thing		n
4015	PIRATE	Social and political relations	Person/Thing		n
4016	MICROSCOPE	Basic actions and technology	Person/Thing		n
4017	JELLYFISH	Animals	Person/Thing		n
4018	BLOUSE	Clothing and grooming	Person/Thing		n
4019	CIGAR	Modern world	Person/Thing		n
4020	CLOWN	Social and political relations	Person/Thing		n
4021	DINOSAUR	Animals	Person/Thing		n
4022	SUBMARINE	Modern world	Person/Thing		n
4023	VIOLIN	Speech and language	Person/Thing		n
4024	SAXOPHONE	Speech and language	Person/Thing		n
4025	LANTERN	The house	Person/Thing		n
4026	SAILBOAT	Motion	Person/Thing		n
4027	BATHTUB	Modern world	Person/Thing		n
4028	ASHTRAY	The house	Person/Thing		n
4029	BABY CARRIAGE	Modern world	Person/Thing		n
4030	DOORKNOB	The house	Person/Thing		n
4031	IRON (PRESSING)	Modern world	Person/Thing		n
4032	KITE (TOY)	The physical world	Person/Thing		n
4033	ELEVATOR	Modern world	Person/Thing		n
4034	SANDALS	Clothing and grooming	Person/Thing		n
4035	SWEATER	Clothing and grooming	Person/Thing		n
4036	GARBAGE CAN	Modern world	Person/Thing		n
4037	CHEERFUL	Emotions and values	Property		a
4038	FUNNY	Emotions and values	Property		a
4039	CRYSTAL	The physical world	Person/Thing		n
4040	WISDOM	Cognition	Person/Thing		n
4041	SALAD	Food and drink	Person/Thing		n
4042	PLANET	The physical world	Person/Thing		n
4043	STATION	Modern world	Person/Thing		n
4044	INFORMATION	Speech and language	Person/Thing		n
4045	ALTHOUGH	Miscellaneous function words	Other		n
4046	ALMOST	Miscellaneous function words	Other		n
4047	TWISTED	Motion	Property		a
4048	INHABITANT	Social and political relations	Person/Thing		n
4049	JUSTICE	Law	Person/Thing		n
4050	SAILOR	Basic actions and technology	Person/Thing		n
4051	BEAUTY	Emotions and values	Person/Thing		n
4052	INDIFFERENT	Emotions and values	Property		a
4053	MODEST	Emotions and values	Property		a
4054	MELODY	The physical world	Person/Thing		n
4055	DRESSER	The house	Person/Thing		n
4056	CHAOS	Emotions and values	Person/Thing		n
4057	ANGEL	Religion and belief	Person/Thing		n
4058	ACCIDENT	Basic actions and technology	Person/Thing		n
4059	PALACE	The house	Person/Thing		n
4060	PASSION	Emotions and values	Person/Thing		n
4061	PARSLEY	Agriculture and vegetation	Person/Thing		n
4062	FUN	Emotions and values	Person/Thing		n
4063	PLUM	Agriculture and vegetation	Person/Thing		n
4064	RUBBER	Modern world	Person/Thing		n
4065	FOR	Miscellaneous function words	Other		n
4066	POVERTY	Social and political relations	Person/Thing		n
4067	ARROGANT	Emotions and values	Property		a
4068	BIBLE	Religion and belief	Person/Thing		n
4069	HUMBLE	Emotions and values	Property		a
4070	ROCKET	Modern world	Person/Thing		n
4071	THEFT	Law	Person/Thing		n
4072	DRAWER	The house	Person/Thing		n
4073	WHEELBARROW	Agriculture and vegetation	Person/Thing		n
4074	DOLPHIN-LIKE WHALE (DOLPHIN OR PORPOISE)	Animals	Person/Thing		n
4075	MOMENT	Time	Person/Thing		n
4076	DEVELOPMENT	Cognition	Person/Thing		n
4077	TRIANGLE	Basic actions and technology	Person/Thing		n
4078	QUALITY	Cognition	Person/Thing		n
4079	LIGHTHOUSE	Basic actions and technology	Person/Thing		n
4080	TITLE	Social and political relations	Person/Thing		n
4081	FRAUD	Law	Person/Thing		n
4082	ABUNDANCE	Quantity	Person/Thing		n
4083	PROTECTION	Social and political relations	Person/Thing		n
4084	TALENT	Cognition	Person/Thing		n
4085	SAFETY	Social and political relations	Person/Thing		n
4086	FREEDOM	Social and political relations	Person/Thing		n
4087	INTELLIGENCE	Cognition	Person/Thing		n
4088	SEAT	The house	Person/Thing		n
4089	SUCCESS	Emotions and values	Person/Thing		n
4090	SYRINGE	Modern world	Person/Thing		n
4091	RESTAURANT	Modern world	Person/Thing		n
4092	TRAITOR	Social and political relations	Person/Thing		n
4093	AFFECTION	Emotions and values	Person/Thing		n
4094	ART	Basic actions and technology	Person/Thing		n
4095	SCIENCE	Cognition	Person/Thing		n
4096	LONELY	Emotions and values	Property		a
4097	LEADER	Social and political relations	Person/Thing		n
4098	REPUTATION	Social and political relations	Person/Thing		n
4099	ELEGANT	Emotions and values	Property		a
4100	PRAYER	Religion and belief	Person/Thing		n
4101	PAINTER	Basic actions and technology	Person/Thing		n
4102	OBEDIENT	Emotions and values	Property		a
4103	GROUP	Social and political relations	Person/Thing		n
4104	BRUTAL	Emotions and values	Property		a
4105	FABRIC	Clothing and grooming	Person/Thing		n
4106	STIFF	Sense perception	Property		a
4107	LIVELY	Emotions and values	Property		a
4108	CELLAR	The house	Person/Thing		n
4109	CELL (BIOLOGY)	The body	Person/Thing		n
4110	CANCER (DISEASE)	The body	Person/Thing		n
4111	COMFORTABLE	Emotions and values	Property		a
4112	COMFORT	Emotions and values	Person/Thing		n
4113	OPINION	Cognition	Person/Thing		n
4114	INDUSTRY	Modern world	Person/Thing		n
4115	DESTRUCTION	Basic actions and technology	Person/Thing		n
4116	COTTAGE	The house	Person/Thing		n
4117	CORRIDOR	The house	Person/Thing		n
4118	CONFIDENCE	Emotions and values	Person/Thing		n
4119	REALITY	Cognition	Person/Thing		n
4120	REWARD	Possession	Person/Thing		n
4121	SLIME	The physical world	Person/Thing		n
4122	AGONY	Emotions and values	Person/Thing		n
4123	COMPETENCE	Cognition	Person/Thing		n
4124	FILTH	The physical world	Person/Thing		n
4125	GUILT	Emotions and values	Person/Thing		n
4126	BISCUIT	Food and drink	Person/Thing		n
4127	BLACKBIRD	Animals	Person/Thing		n
4128	BRA	Clothing and grooming	Person/Thing		n
4129	CANARY	Animals	Person/Thing		n
4130	CHALK	Basic actions and technology	Person/Thing		n
4131	CHIPMUNK	Animals	Person/Thing		n
4132	COD	Animals	Person/Thing		n
4133	DAGGER	Warfare and hunting	Person/Thing		n
4134	FAWN	Animals	Person/Thing		n
4135	JAR	Food and drink	Person/Thing		n
4136	MEDAL	Social and political relations	Person/Thing		n
4137	MUG	Food and drink	Person/Thing		n
4139	RAISIN	Food and drink	Person/Thing		n
4140	RIFLE	Warfare and hunting	Person/Thing		n
4141	ROBE	Clothing and grooming	Person/Thing		n
4142	SQUID	Animals	Person/Thing		n
4143	THIMBLE	Clothing and grooming	Person/Thing		n
4144	TRACTOR	Modern world	Person/Thing		n
4145	WRENCH	Basic actions and technology	Person/Thing		n
4146	SLINGSHOT	Warfare and hunting	Person/Thing		n
4147	CEDAR	Agriculture and vegetation	Person/Thing		n
4148	TENSE	Emotions and values	Property		a
4149	APARTMENT	The house	Person/Thing		n
4150	BAGPIPE	Basic actions and technology	Person/Thing		n
4151	BAT (BASEBALL)	Modern world	Person/Thing		n
4152	BEETROOT	Agriculture and vegetation	Person/Thing		n
4153	CABIN	The house	Person/Thing		n
4154	CATHEDRAL	Religion and belief	Person/Thing		n
4155	CHAPEL	Religion and belief	Person/Thing		n
4156	CLAMS	Animals	Person/Thing		n
4157	CLARINET	Basic actions and technology	Person/Thing		n
4158	CORK	Agriculture and vegetation	Person/Thing		n
4159	CORKSCREW	Basic actions and technology	Person/Thing		n
4160	GOLDFISH	Animals	Person/Thing		n
4161	HOSE	Basic actions and technology	Person/Thing		n
4162	SKYSCRAPER	Modern world	Person/Thing		n
4163	SLIPPER	Clothing and grooming	Person/Thing		n
4164	TUNA	Animals	Person/Thing		n
4165	YACHT	Modern world	Person/Thing		n
4166	FOOTBALL (GAME OR OBJECT)	Modern world	Person/Thing		n
4167	FOOTBALL (GAME)	Modern world	Person/Thing		n
4168	FOOTBALL (OBJECT)	Modern world	Person/Thing		n
4169	BASKETBALL (GAME OR OBJECT)	Modern world	Person/Thing		n
4170	BASKETBALL (GAME)	Modern world	Person/Thing		n
4171	BASKETBALL (OBJECT)	Modern world	Person/Thing		n
4172	KOALA	Animals	Person/Thing		n
4173	SINGER	Speech and language	Person/Thing		n
4174	WINNER	Social and political relations	Person/Thing		n
4175	HERO	Social and political relations	Person/Thing		n
4176	OFFICER	Law	Person/Thing		n
4177	CALCULATOR	Basic actions and technology	Person/Thing		n
4178	PUZZLE	Modern world	Person/Thing		n
4179	CUBE	The physical world	Person/Thing		n
4180	FACTORY	Modern world	Person/Thing		n
4181	NEED OR NECESSITY	Cognition	Person/Thing	i112947	n
